id,name,short_name,aicte_code,eamcet_code,l4g_code,l4g_group_code,type,address,website,latlong,district_code
1,Hall PLC Institution of Technology,IIT01,AICTE00001,EAMCET0001,L4G000001,GRP001,Affiliated College,"705 Woods Mount
Kennethmouth, NE 07302",http://gutierrez.net/,"36.183524,-126.414422",71
2,Butler Inc Institution of Technology,IIT02,AICTE00002,EAMCET0002,L4G000002,GRP002,Private University-State,"042 Vickie Ramp
Andrewside, IN 64264",https://cole.info/,"-89.499205,118.620961",43
3,"Joseph, Pugh and Brooks Institution of Technology",IIT03,AICTE00003,EAMCET0003,L4G000003,GRP003,Unknown,"5295 Marcia Spurs
Kimberlyland, PR 42986",http://www.shelton.com/,"-88.9848075,-114.853575",73
4,Buchanan LLC Institution of Technology,IIT04,AICTE00004,EAMCET0004,L4G000004,GRP004,Private University-State,"Unit 3156 Box 4811
DPO AA 55255",http://www.webster-williams.org/,"71.0204055,17.878695",24
5,"Turner, Ponce and Duffy Institution of Technology",IIT05,AICTE00005,EAMCET0005,L4G000005,GRP005,Public University,"71984 Heather Courts
Brittanyhaven, OH 38855",http://dunn.com/,"-55.4611905,126.278197",48
6,"Mcknight, Sawyer and Smith Institution of Technology",IIT06,AICTE00006,EAMCET0006,L4G000006,GRP006,Private University-Deemed to be,"0763 Elizabeth Roads
Nicholasmouth, PA 84680",http://jones.com/,"52.4890565,-47.667398",78
7,Jones-Porter Institution of Technology,IIT07,AICTE00007,EAMCET0007,L4G000007,GRP007,Private University-State,"90023 David Isle
Michaelchester, MP 34049",https://www.smith.com/,"-23.560188,-90.996438",28
8,Rice and Sons Institution of Technology,IIT08,AICTE00008,EAMCET0008,L4G000008,GRP008,Unknown,"USS Johnson
FPO AE 55554",http://www.dalton-brooks.com/,"18.6935225,132.360484",52
9,"Allen, Elliott and Wilkinson Institution of Technology",IIT09,AICTE00009,EAMCET0009,L4G000009,GRP009,Autonomous College,"25226 Emma Corner
Lake Dawnstad, PA 82189",https://www.jackson.com/,"83.4169645,117.486786",55
10,"Shepard, Hughes and Alvarez Institution of Technology",IIT10,AICTE00010,EAMCET0010,L4G000010,GRP010,Unknown,"3006 Jeremy Ramp
Crawfordborough, PR 85823",https://www.tucker-jones.com/,"53.307797,170.271027",25
11,"Conrad, Perez and Kim Institution of Technology",IIT11,AICTE00011,EAMCET0011,L4G000011,GRP011,Private University-Deemed to be,"376 Michelle Village Suite 597
East Cynthiashire, MH 35124",http://www.graham-harmon.com/,"-13.814857,4.793757",24
12,Miller-Page Institution of Technology,IIT12,AICTE00012,EAMCET0012,L4G000012,GRP012,Unknown,"6499 Paul Throughway
East Frank, CA 11788",http://holmes.com/,"-30.114390,-94.108127",26
13,Carter Ltd Institution of Technology,IIT13,AICTE00013,EAMCET0013,L4G000013,GRP013,Private University-Deemed to be,"8713 Barr Summit
West Amyberg, RI 67644",https://www.holden.com/,"-13.3779025,-3.237946",73
14,Jones Ltd Institution of Technology,IIT14,AICTE00014,EAMCET0014,L4G000014,GRP014,Unknown,"005 Thomas Passage
Crawfordtown, VA 72025",https://anderson-brown.com/,"53.2774495,82.248791",36
15,Miller Inc Institution of Technology,IIT15,AICTE00015,EAMCET0015,L4G000015,GRP015,Private University-State,"923 Brown Knolls Suite 988
Denisemouth, MN 29094",https://becker.info/,"-47.7940075,-50.551577",97
16,Suarez-Reed Institution of Technology,IIT16,AICTE00016,EAMCET0016,L4G000016,GRP016,Private University-State,"506 Bush Wall Suite 226
East Tamaramouth, KS 47325",https://beltran.com/,"-2.503156,-150.681611",82
17,Williams-Johnson Institution of Technology,IIT17,AICTE00017,EAMCET0017,L4G000017,GRP017,Public University,"1209 Courtney Expressway
Smalltown, OR 89253",https://www.brown-mullins.com/,"-49.2713665,67.912342",44
18,Green-Williams Institution of Technology,IIT18,AICTE00018,EAMCET0018,L4G000018,GRP018,Public University,"0137 Brittany Vista Apt. 158
Floresshire, NM 89638",http://bray.biz/,"37.264209,164.494689",77
19,Adams-Acevedo Institution of Technology,IIT19,AICTE00019,EAMCET0019,L4G000019,GRP019,Affiliated College,"614 Holmes Turnpike Suite 130
Kerrview, TX 93733",http://shelton.com/,"21.097888,-162.349138",58
20,"Johnson, Knight and Sherman Institution of Technology",IIT20,AICTE00020,EAMCET0020,L4G000020,GRP020,Autonomous College,"USNS Wood
FPO AA 04226",http://anderson.com/,"-37.395341,-105.080123",91
21,Ibarra Ltd Institution of Technology,IIT21,AICTE00021,EAMCET0021,L4G000021,GRP021,Unknown,"451 Moyer Knoll Suite 848
West Ariel, RI 18478",https://www.brown-smith.org/,"75.325747,-13.436512",89
22,Phillips-Craig Institution of Technology,IIT22,AICTE00022,EAMCET0022,L4G000022,GRP022,Public University,"200 Rivera Circle Apt. 163
New Jamesberg, KS 85460",https://mccarty.info/,"-46.613246,-97.804366",61
23,Cole and Sons Institution of Technology,IIT23,AICTE00023,EAMCET0023,L4G000023,GRP023,Private University-Deemed to be,"54864 Sandra Flat
Brooksville, MO 35064",http://hopkins.com/,"-29.1624475,16.862148",76
24,Bartlett-Steele Institution of Technology,IIT24,AICTE00024,EAMCET0024,L4G000024,GRP024,Private University-Deemed to be,"63879 Todd Well Suite 493
New Julie, IL 72244",https://www.lindsey.com/,"-71.0811975,-94.134398",49
25,Massey Group Institution of Technology,IIT25,AICTE00025,EAMCET0025,L4G000025,GRP025,Private University-State,"0705 Hansen Row
New Angela, MO 21873",http://cox-barnett.com/,"-14.6545315,108.419251",41
26,"Smith, Wiley and Moore Institution of Technology",IIT26,AICTE00026,EAMCET0026,L4G000026,GRP026,Unknown,"608 Barrett Junction Apt. 466
Richardshire, GU 26514",https://griffith-baker.com/,"22.5292765,105.884382",94
27,Hamilton LLC Institution of Technology,IIT27,AICTE00027,EAMCET0027,L4G000027,GRP027,Private University-Deemed to be,"911 Shah Road
Port Monicaside, GA 35812",https://www.willis.info/,"-9.9104315,-34.878416",88
28,"Cook, Barrett and Osborne Institution of Technology",IIT28,AICTE00028,EAMCET0028,L4G000028,GRP028,Autonomous College,"1609 Lisa Lake
Smithburgh, OR 14190",http://www.coffey.biz/,"27.239564,-118.598034",76
29,Freeman-Gentry Institution of Technology,IIT29,AICTE00029,EAMCET0029,L4G000029,GRP029,Private University-Deemed to be,"689 Smith Drive
North Garyberg, SD 02318",http://www.miller-williams.biz/,"-75.934519,-101.932302",85
30,"Lopez, Howard and Dennis Institution of Technology",IIT30,AICTE00030,EAMCET0030,L4G000030,GRP030,Public University,"50204 Andrew Falls Suite 681
Stephanietown, IN 18113",https://www.craig-dunn.info/,"36.7786605,41.869758",81
31,Myers-Perez Institution of Technology,IIT31,AICTE00031,EAMCET0031,L4G000031,GRP031,Private University-Deemed to be,"3568 Aaron Shoals Apt. 114
Ryanstad, PW 90209",http://reed-davis.com/,"-72.0949755,120.905140",1
32,Miller-Campos Institution of Technology,IIT32,AICTE00032,EAMCET0032,L4G000032,GRP032,Affiliated College,"4832 Brown Run
Williamshaven, MI 23338",https://www.mason-wilson.com/,"62.6979195,9.513602",25
33,Garcia Ltd Institution of Technology,IIT33,AICTE00033,EAMCET0033,L4G000033,GRP033,Private University-State,"8904 Harding Court Suite 615
Riveraland, LA 57981",http://owens-davila.com/,"-73.303344,121.604079",61
34,Lozano-May Institution of Technology,IIT34,AICTE00034,EAMCET0034,L4G000034,GRP034,Public University,"21172 Lisa Lock Suite 293
West Katherinemouth, KY 02308",https://www.lee-fleming.com/,"-50.866781,123.333173",99
35,"Cook, Johnson and Clements Institution of Technology",IIT35,AICTE00035,EAMCET0035,L4G000035,GRP035,Public University,"7434 Mcintosh Valleys
Kevinshire, AS 19024",http://jones-patterson.net/,"-38.1237315,178.275395",14
36,Ortiz-Garcia Institution of Technology,IIT36,AICTE00036,EAMCET0036,L4G000036,GRP036,Affiliated College,"829 Nguyen Ridges Suite 389
South John, OK 55597",https://www.rivera-johnson.com/,"73.5952295,62.163327",37
37,"Ball, Mcgrath and Soto Institution of Technology",IIT37,AICTE00037,EAMCET0037,L4G000037,GRP037,Public University,"USS Brown
FPO AA 96650",http://www.hill-ray.com/,"1.2498245,-91.666333",92
38,Noble Ltd Institution of Technology,IIT38,AICTE00038,EAMCET0038,L4G000038,GRP038,Autonomous College,"76511 Melissa Overpass
Mackenzieside, DE 92963",https://perkins.com/,"47.1904345,-47.863094",97
39,Klein-Smith Institution of Technology,IIT39,AICTE00039,EAMCET0039,L4G000039,GRP039,Private University-State,"4796 Hood Drives Suite 116
New Sharonview, TX 43121",https://www.wong.com/,"-40.049384,-51.967579",25
40,"Perry, Walker and Garrison Institution of Technology",IIT40,AICTE00040,EAMCET0040,L4G000040,GRP040,Public University,"918 Franklin Islands Suite 929
Portershire, GA 24529",https://ross.com/,"-42.591379,107.418464",64
41,"Brooks, Tate and Carr Institution of Technology",IIT41,AICTE00041,EAMCET0041,L4G000041,GRP041,Unknown,"PSC 0386, Box 9481
APO AP 72024",http://walton.info/,"23.055793,173.825204",97
42,Monroe-Cook Institution of Technology,IIT42,AICTE00042,EAMCET0042,L4G000042,GRP042,Unknown,"72164 Marquez Inlet Suite 381
Saundersstad, WV 01087",http://www.rasmussen-richardson.com/,"86.1728015,-169.480469",11
43,Smith-Ochoa Institution of Technology,IIT43,AICTE00043,EAMCET0043,L4G000043,GRP043,Private University-Deemed to be,"1789 Andrea Mall
Nicoleville, MA 33079",https://www.guzman.com/,"-76.860570,-24.948490",40
44,Christensen-Clark Institution of Technology,IIT44,AICTE00044,EAMCET0044,L4G000044,GRP044,Private University-State,"19306 Craig Port Suite 080
Dicksonberg, WV 17905",https://simmons.biz/,"67.4752075,137.314321",26
45,"Owens, Ramirez and Williams Institution of Technology",IIT45,AICTE00045,EAMCET0045,L4G000045,GRP045,Affiliated College,"5089 Duane Fords Suite 469
Michellehaven, AL 50198",https://www.pham.info/,"-29.800211,39.991383",19
46,"Montoya, Brown and Stewart Institution of Technology",IIT46,AICTE00046,EAMCET0046,L4G000046,GRP046,Unknown,"357 Amy Springs Apt. 061
Maddoxbury, DC 61715",https://carter.net/,"21.6732675,138.287627",55
47,Carter-Bradford Institution of Technology,IIT47,AICTE00047,EAMCET0047,L4G000047,GRP047,Unknown,"222 Kevin Motorway Apt. 564
Joemouth, SC 00856",http://lucas.net/,"34.9869175,-48.105828",7
48,Fuller PLC Institution of Technology,IIT48,AICTE00048,EAMCET0048,L4G000048,GRP048,Private University-Deemed to be,"357 Alicia Points Suite 239
Christopherburgh, CT 03510",https://chapman-taylor.com/,"66.912263,92.438816",90
49,"Price, Galvan and Smith Institution of Technology",IIT49,AICTE00049,EAMCET0049,L4G000049,GRP049,Autonomous College,"784 Gregory Ferry Suite 051
North Natalie, KY 03794",https://www.saunders.com/,"-26.719837,-133.917770",68
50,"Campbell, Robinson and Torres Institution of Technology",IIT50,AICTE00050,EAMCET0050,L4G000050,GRP050,Private University-State,"071 Brandy Village Apt. 226
New Sarahside, MP 83577",http://www.williams-webb.com/,"55.5346445,31.829220",82
