id,name,address,website,info
1,Martin LLC Learning Solutions,"700 Kelly Prairie Suite 210
New Kenneth, IA 64508",https://bailey.org/,Decade assume line home drive simply. Campaign see collection decade by attorney never. Sit role investment trade play pretty.
2,Butler and Sons Learning Solutions,"90957 Barnes Underpass
North Cynthia, PA 91686",http://www.yoder.com/,"Offer offer successful surface service their quite.
Million seat way cost teach size adult. Million admit certainly song firm item near together."
3,Sellers-Marshall Learning Solutions,"3163 Sullivan Shoal
Judymouth, ND 73778",https://www.lambert.org/,"Employee commercial position. Program window responsibility foot food.
Behind building stuff. Any and star yet. Throw surface late popular common.
Miss parent wall number."
4,Shaw Group Learning Solutions,"38038 Daniel Motorway
Barryland, IA 68823",http://johns.com/,Environmental TV agree thus quite happen until. Organization pressure environmental window upon pattern offer. Success statement data check level friend.
5,Cameron-Lyons Learning Solutions,"862 Jones Burg
South Andrewborough, WI 26356",https://wise.org/,Structure successful stay grow interview military later. Leave physical find analysis read six much along. Car lot hand parent create arm instead toward.
6,Mathis Group Learning Solutions,"95145 Andrea Isle Apt. 818
Lake Sheryl, IL 61497",https://montoya.biz/,"Kid heavy church. Just final action treatment. Agree attack often.
Start so born explain attack chair situation. Everything less none experience analysis artist."
7,Peterson-Miller Learning Solutions,"68525 Mary Mills
Frankville, VT 04868",http://miles-smith.com/,"Medical clear feeling garden author. World join sport this free pressure subject.
Ready smile personal management. Trip mission lot director. Particular house interview."
8,Smith Inc Learning Solutions,"365 Wolf Village Suite 880
Danafort, AL 16740",http://www.davis.com/,"Claim hot both though anything chair. Adult available ability front bill which near attention.
Company general resource tonight music Democrat most. Us loss toward hand health side red power."
9,Lowe-Clark Learning Solutions,"34323 Little Roads
Angelaport, LA 64893",http://holland.com/,Difference couple inside probably event result scientist. Each color receive almost clearly. Might central performance significant by. Note others you factor risk.
10,Stevens and Sons Learning Solutions,"0224 Baker Radial Apt. 061
Hartmanmouth, AR 86036",https://www.cruz-henderson.com/,Experience third Republican style coach determine trip. Appear mind itself now cultural agree determine. Cause evening have about team.
