id,name,email,mobile,gender,date_of_birth,aadhaar_number
1,John Jimenez,tammy83@example.com,580.230.2348x52463,O,1999-01-27,411381952209
2,Charles Edwards,arthursilva@example.org,2168898247,F,2006-03-04,256849437487
3,Jennifer Young,wallacekevin@example.com,+1-333-470-0712x78945,F,2005-03-03,805942616836
4,Victoria Henderson,wesleyward@example.org,762.256.1875x496,F,2006-11-14,638351633195
5,Tony Williams,banksrobert@example.net,(965)452-3129,O,2002-05-05,785698313436
6,Karen Collins,sheila39@example.net,(835)206-1748x184,M,2005-03-25,519975115351
7,Jessica Mitchell,jessica46@example.net,474-564-4295x0967,O,1997-09-18,906407928943
8,Marilyn Zamora,rachel46@example.net,8828603486,O,1999-05-29,316112933444
9,Juan Miller,hwalsh@example.com,768.764.2376x329,O,1999-02-11,459690716205
10,Kenneth Glover,durhamscott@example.com,6005544859,F,2005-06-15,277696864038
11,Martha Meyer,smithjerry@example.net,(609)564-0912,F,1995-08-29,891217127234
12,William Lawrence,heatheradams@example.org,763.681.1783,O,2003-02-18,474799834302
13,Daniel Burton,james78@example.org,707-744-2698x37746,M,1999-07-16,452285151575
14,Scott Martin,christophertaylor@example.com,+1-252-894-1111x2955,O,2004-08-04,340130234794
15,Austin Sullivan,xaviermullins@example.com,4146502103,M,2002-05-07,185286449995
16,Jonathan Norton,denniswilliams@example.org,(878)459-1855x331,F,1995-02-11,928828585619
17,Mindy Beck,klucas@example.net,752.433.9305,M,1995-04-27,452963580772
18,Natalie Avila,joanmclaughlin@example.net,(720)980-3691x4390,F,2000-07-24,385251876303
19,Jennifer Tapia,martinezrandall@example.com,(825)730-1495x008,O,2000-08-28,293698792270
20,Jennifer Graves,ogross@example.net,001-231-862-8930x08371,O,1995-04-03,875384273907
21,Henry Grant,estradaadrian@example.com,202-444-9291x9366,F,1999-06-11,234706990668
22,Joel Adams,camposrhonda@example.org,834.900.5799,O,1997-07-21,837582841151
23,Megan Osborne,mbryant@example.com,+1-548-428-1381x5354,F,1999-02-10,267371086873
24,Heather Walsh,umoss@example.com,(331)538-9123,M,2002-03-19,572015972119
25,Janice Peterson,jmoreno@example.org,784-899-4931x4025,O,2003-03-06,521295768230
26,Wendy Thomas,christyhernandez@example.com,259.807.1129,O,2004-02-18,291692201841
27,James Miller,vholden@example.com,+1-973-537-3278x9782,O,2000-05-02,182520428278
28,Robert Tran,kyle44@example.com,598.584.2987x103,M,2000-03-20,129342850659
29,Joshua Howard,fordkimberly@example.com,595-358-6370x475,F,2005-03-18,296351161125
30,Benjamin Baxter,sarah84@example.com,+1-507-412-3905,F,1994-10-21,766776109850
31,Kelsey Pruitt,ruizmichael@example.com,2482404768,F,2000-06-15,592458790797
32,Nicholas Mathews,gregory26@example.com,(510)287-6016x1927,M,2005-04-27,904946497476
33,Keith Moore,crosbywilliam@example.org,+1-317-700-4219x6969,F,2006-12-28,696945339544
34,Cheryl Arnold,pthompson@example.net,6342658646,F,1998-04-22,554428628148
35,Robert Morales,samanthasantos@example.net,+1-245-429-2181x9906,O,1996-04-23,257657388358
36,Jennifer Maynard,ndiaz@example.net,001-607-222-7744x5774,O,2005-05-18,412501587384
37,Jeffrey Higgins,kenneth76@example.org,001-713-409-3994x74646,M,2003-10-10,519843834310
38,Matthew Rodriguez,dawnsmith@example.com,412.881.3259x9284,M,1999-10-03,437950804301
39,Nicole Monroe,william58@example.net,001-924-632-2276x960,F,1995-04-24,333827125067
40,Jacqueline Pratt,markjones@example.net,5552203794,M,2003-11-29,512285920153
41,James Pierce,jacobjackson@example.org,(577)800-4486,F,2004-07-12,245745225032
42,Victoria Brown,jzuniga@example.org,(230)949-3268x26973,O,2000-08-27,449799006462
43,Travis Peterson,victoria84@example.org,927-464-1150x01348,F,2000-07-03,692791264266
44,Tammy Summers,josenguyen@example.net,558.481.1990x1196,F,1998-01-17,661626874512
45,Emily Ward,vanessa33@example.org,300-794-6503x262,M,2004-03-17,160547267847
46,Jonathan Nicholson,alansavage@example.net,(379)264-2583x4848,O,2005-12-23,855064973284
47,Tony Ruiz,mark42@example.net,+1-509-418-6544x77277,F,1997-08-11,997968002567
48,Bobby Henderson,rgonzales@example.org,+1-562-508-7587x375,F,2001-01-17,134098861639
49,Gina Fox,jessica09@example.org,982-799-6513,M,2002-12-16,776487010121
50,Deborah Hernandez,foleyjustin@example.net,485.717.6234x33982,M,1997-03-11,607085785135
51,Julia Smith,yvonne42@example.net,611.878.1251x83016,M,1999-07-06,200047786711
52,Carolyn Hudson,christine16@example.org,+1-246-715-9286x910,O,1998-11-24,833942046125
53,Janet Barber,keith73@example.com,214-875-8526,F,1998-10-05,498451188300
54,Michelle Wilson,james28@example.org,001-930-716-0455x30278,F,2002-03-20,349833650268
55,Mark Barron,parsonssteven@example.com,7368020977,M,2002-12-05,760227066017
56,Jeremy Walker,fsteele@example.org,001-235-540-5595x100,F,2005-02-09,505299331787
57,Terry Barber,kenneth36@example.com,+1-627-221-6655x544,O,1996-07-12,667414543518
58,Andrew Miller,xvelez@example.com,(212)692-2457x048,O,1999-04-02,966696666747
59,Deborah Saunders,prangel@example.org,454.298.2206x4026,M,2001-08-04,294663264551
60,Jamie Walsh,danielwallace@example.org,001-429-236-0069x87675,M,1997-08-20,239893606834
61,Sarah Lane,croth@example.net,001-673-465-2756,M,2005-10-11,797537100801
62,Laura Jordan,jenniferbutler@example.net,(940)712-3158x827,O,2000-12-12,428326116176
63,Misty Williams,linda11@example.net,433.408.8577x590,O,1997-11-18,426730956009
64,Rachel Rogers,jonesamy@example.net,584-339-3109x00543,M,2004-05-20,587706686537
65,Ashley Walker,kimberly82@example.net,+1-978-485-8884,M,2006-08-07,542667635798
66,Rachel Johnson,george94@example.org,001-491-995-3119x23089,M,2004-03-29,243383381825
67,Jessica Kemp,zbrown@example.net,001-301-516-2868x0343,O,1997-11-02,416398078385
68,Monica Steele,christophercook@example.com,8752773159,F,2006-08-18,725994832574
69,Ashley Nelson,michelle15@example.net,384.648.4184x667,M,1997-08-29,924210543732
70,Raven Hernandez,thomassaunders@example.net,+1-513-969-2722,M,1998-08-26,732938094103
71,Fernando Hamilton,jenniferjackson@example.com,451-755-3387x2745,F,2003-07-14,511827777498
72,Elizabeth Parker,erica35@example.net,731.935.5096,M,2005-07-25,142810096629
73,Allison Bond,brittany89@example.org,001-907-268-8851x4053,F,1995-11-21,306907598748
74,Rebecca Fletcher,vdaniels@example.net,+1-531-519-2015x4371,M,1999-07-26,832676511155
75,Mary Chambers,tellis@example.org,591-440-3846,M,2006-07-22,448347743404
76,David Mahoney,krodriguez@example.net,001-214-967-0781x5540,F,1998-02-21,791266236848
77,Gina Rodriguez,qadams@example.com,(435)342-2295x205,F,1997-07-07,459879871461
78,Isabel Johnson,christopherhall@example.com,001-428-295-0232x904,F,1994-05-14,694699458981
79,Christopher Lee,jonescharles@example.com,001-754-966-6099x8152,M,2004-05-07,417780952911
80,Shannon Dudley,olsoncarol@example.net,+1-382-439-5066x905,M,2000-12-21,285907696248
81,David Ward,jhall@example.net,827.650.5490,M,1998-03-07,822994843768
82,Lydia Harvey,scottbeverly@example.com,+1-750-521-7279,M,1994-07-17,273350384238
83,Andrew Leblanc,sheppardsamantha@example.net,+1-430-348-4020x2262,F,2005-05-10,866712785143
84,Jonathon Pope,nicolas19@example.org,701.210.4369,O,2000-06-12,936342217811
85,Amy Rivera,schaefernicholas@example.com,(373)900-7499,M,1995-07-30,930100016504
86,Michelle Mathews,jgreen@example.com,2309553103,M,2005-11-17,109439765028
87,Mindy Flores,khamilton@example.com,+1-479-251-3806x205,F,2000-08-26,347957018668
88,Raymond Randall,oromero@example.net,001-405-616-8794x858,O,2006-09-27,268930990180
89,Rachael Mcpherson,caseythomas@example.org,9462053660,M,1997-10-03,415758873103
90,Christina Barnett,shane36@example.org,001-979-576-8208x2231,O,1999-03-14,122810625474
91,Renee Riley,phillip27@example.org,235.459.2818x578,F,2002-03-11,365412180711
92,Adam Zuniga,hollandjacob@example.org,729-472-2793x211,O,1998-12-01,528947189094
93,Elizabeth Brooks,juankrause@example.org,548-810-8847x791,F,2006-10-04,677260705784
94,Valerie Walter,hthompson@example.org,974.201.5334x31410,M,2005-01-18,774642331943
95,Joseph Pierce,mary80@example.org,395.722.4731x25400,F,1999-08-22,115428860159
96,Anthony Allen,bradley75@example.org,488.619.9948,F,1994-10-15,827706805219
97,Brad Knight,whiteeric@example.org,823-610-1936x84479,M,2005-07-24,285647879871
98,Kimberly Grant,dennissutton@example.org,256-757-9542,O,1999-02-13,631097383171
99,Kevin Harrison,mgross@example.org,231-766-8971x6171,M,1995-12-23,395727204655
100,Brenda Daugherty,donaldallen@example.org,447-510-4337x700,O,2000-07-18,226250838603
101,Kimberly Mckenzie,brownrebecca@example.org,336.447.8982x218,F,1995-11-11,195762295175
102,Michelle Walters,aaron57@example.com,299-609-4901,F,1999-04-18,683338531202
103,Susan Parrish,richardmccormick@example.com,(489)228-6403,M,2002-01-08,868802913149
104,James Miller,brittanyfowler@example.org,4453113731,O,2002-06-13,803306554224
105,Elizabeth Lee,franciscaroline@example.net,001-630-384-7409x06099,O,2003-10-19,610825501687
106,Jamie Brown,matthewadams@example.org,437.391.4588,M,2000-11-22,663239230790
107,Luis Hill,joannebenson@example.net,220.200.1578x9804,F,1998-10-08,275986032094
108,Dr. Derek Mcdonald,caroline11@example.com,857.237.5779,O,1995-08-06,169463898962
109,Allison Perez,achavez@example.net,411.920.2931x26312,M,2004-05-31,613476056912
110,David Davis,noahmiller@example.com,(561)906-5677x91582,F,2001-06-27,511463854446
111,Kevin Stark,reyespatricia@example.net,(410)334-1950,O,2002-01-13,499813734508
112,Nathan Dunlap,jamestammy@example.com,562.307.8998,F,2004-02-14,994678951504
113,Shawn Rogers,abarber@example.com,437-616-4632x903,O,2000-12-15,318026223785
114,Jasmine Shaw,jennyglover@example.net,7818391202,F,2005-06-24,454368290706
115,Michael Douglas,qgallegos@example.org,260-971-5596,M,2003-05-09,739568709776
116,Jennifer Richardson,sanfordanthony@example.com,(909)526-1179x72624,M,2006-01-03,712837875462
117,Jessica Arias,sarahsparks@example.com,(760)594-2094,M,2004-03-25,632773958626
118,Edward Flores,qcooper@example.net,+1-732-263-9528x662,O,1996-01-30,522800218179
119,Jeffrey Garcia,priscillagarcia@example.net,5099713281,F,1994-08-20,172259455528
120,Vanessa Mccall,kendra23@example.com,+1-660-621-2649,F,1998-07-19,570952227264
121,Diane Long,jacobgonzalez@example.org,(458)989-0673x26019,F,2006-04-09,625087233257
122,Joseph Barr,pbrown@example.com,(859)781-6866x31284,F,1996-05-12,276131884805
123,Carolyn Roberts,gdavis@example.net,001-400-833-8133,M,1997-04-25,586926111764
124,Tim Frye,natashakim@example.net,992.279.5527,F,2007-02-20,974127327249
125,Terry Lewis,ashah@example.org,824-277-9498,F,2004-02-03,646668422264
126,Christopher Bowman,donna47@example.org,601-268-6382x187,M,1996-03-21,279167708179
127,Benjamin Thomas,ugonzalez@example.net,547.653.6646,O,1999-08-03,482079736992
128,Rhonda Parks,iwagner@example.org,699-311-1511,O,2002-07-31,269538638405
129,Holly Hoffman,petersonrobert@example.org,(875)252-0053x99358,O,2005-07-22,843586177976
130,Patricia Jackson,barbarajimenez@example.org,+1-339-836-3432x0794,O,1996-05-21,186039263119
131,Rebecca Whitehead,pnichols@example.net,896-365-3088,M,1995-09-16,189164903548
132,Robert Gray,zbutler@example.com,825.371.2401x59455,F,2003-05-19,933784826806
133,Andrew Rodriguez,mwatson@example.org,430.528.7036x341,O,1997-05-05,912822724448
134,Anthony Glover,smithchristine@example.net,894.466.8696,M,1995-11-12,769430525135
135,Julie Reed,ywatkins@example.net,438.640.5681,O,1998-05-20,171778794164
136,Alexander Hinton,morganrachel@example.com,001-586-582-5683x7126,O,2001-02-11,551550656043
137,John Gonzalez,carrcynthia@example.com,5872462026,O,1999-06-19,608415679924
138,Ray Jefferson,davidrobinson@example.org,001-972-855-2215x65351,M,1995-11-27,675470577067
139,Lisa Chase,ramirezjohn@example.com,(563)462-5915x14263,M,2004-06-28,428069221065
140,Curtis Robbins,april94@example.net,885.514.7602,M,2001-02-04,972805868058
141,Mallory Davis,carrdavid@example.net,(438)425-0627,O,2001-01-19,873899961150
142,Tommy Soto,rodney95@example.org,667-511-5719x388,O,2007-01-28,296086350473
143,Michelle Williams,stewartcindy@example.com,001-472-534-4452x494,O,2003-03-30,112630408126
144,Mary Baker,michaelortiz@example.org,443-326-6568,O,2007-02-16,523955369848
145,Charles Johnson,seanbennett@example.com,+1-808-694-3837x9196,M,1999-05-23,344780843186
146,Robert Clark,hilldonna@example.com,+1-472-900-6370x23903,M,1997-03-24,823562705506
147,Yolanda Lewis,seanbrown@example.org,566-745-8815x297,F,2004-07-02,834570337089
148,Gabriela Roberson,gonzalezbrittany@example.org,9356054048,M,1994-03-16,598517062056
149,William Murphy,fcox@example.net,(907)761-4881x4862,F,2005-10-16,196589924927
150,Richard Watkins,sgarner@example.org,001-807-357-5907x924,F,1998-07-20,681563606493
151,Corey Moore,richardgarcia@example.com,737-636-6971,O,1994-06-06,450981159743
152,Justin Mitchell,taylor08@example.net,(969)532-2054x851,O,1995-11-11,284223936199
153,Wendy Moreno,adavis@example.org,322-972-7799,O,1995-01-03,554912049170
154,Michael Wong,jenkinsjesus@example.net,344-538-1177x2129,M,1999-04-07,807952998623
155,Amanda Wilson,michaelramirez@example.com,(266)787-3666x5547,F,1996-09-04,697763799738
156,Jerry Jackson,collin12@example.com,001-632-934-4807x411,M,2001-05-21,250346792388
157,Tiffany Parker,jamesclark@example.org,(420)741-9440x20062,M,2005-08-06,168264652979
158,Christine Berry,ahernandez@example.org,408-693-8521x648,F,2004-01-16,124233389082
159,Matthew Ramos,susanbrown@example.net,+1-690-290-9852x7235,F,2003-10-14,675729040082
160,Carol Dougherty,hmurphy@example.net,001-875-713-3117x7574,O,1997-02-02,279538453667
161,Michael Blackburn,jerry42@example.com,244.381.3672x5644,F,2004-10-27,336653076151
162,Francisco Smith,elizabeth25@example.org,(744)208-8837,M,1996-10-16,852962081324
163,Crystal Smith,ginasummers@example.com,+1-953-500-1681x944,O,1998-01-13,750366127231
164,Emily Brown,eric43@example.net,(235)639-9363x3309,M,1994-10-01,479390217988
165,Jeremy Horton,hcase@example.com,9807602148,F,1999-12-31,502206083991
166,Lauren Hernandez,kimberlygarrison@example.net,(492)395-8834,O,1999-08-29,139333490987
167,Natalie Zimmerman,marybuckley@example.org,819.792.1109,F,1997-04-28,581856614596
168,Michael Santana,dawn51@example.net,(321)650-6936x24303,O,2000-03-31,348324462578
169,Tammy Jones,rebeccadillon@example.net,963.363.8298,M,2000-03-02,480917998646
170,Billy Collins,matthewhorn@example.com,888.476.2931,O,2004-04-21,382762758943
171,David Patton,hollybanks@example.com,(418)972-1443,F,1996-08-21,328711260005
172,Misty Rodriguez,lawrencerobert@example.com,+1-594-941-9314x8564,O,1999-10-12,279503366528
173,Martin Price,christine65@example.net,997-269-7428,F,2004-12-17,757228194021
174,Cheryl Oliver,zpatterson@example.net,+1-418-962-3770x70440,O,2002-10-17,325483793088
175,Casey Walker,nelsonerin@example.com,001-764-515-5711x030,F,2006-04-04,719163685622
176,Kristina Kirk,ycummings@example.com,974.814.9677x4711,O,2003-02-18,760223844504
177,Anthony Baker,ckim@example.org,484.628.9350x562,F,1998-06-14,556552561284
178,Jonathan Skinner,brittany84@example.net,9767118554,F,1999-11-24,216263379718
179,Adam Marshall,winterssabrina@example.net,4882233345,O,1998-07-30,216158904595
180,Kimberly Gutierrez,hunterrachel@example.org,+1-910-984-1308x77285,M,2003-08-19,112745857543
181,Christopher Williams DDS,parkercharles@example.com,+1-592-689-0692x1913,F,1994-04-14,621059203083
182,Patricia Sims,daniellebennett@example.com,(467)680-0003,M,2001-02-20,381503104578
183,Jessica Cortez,morrisdennis@example.net,422.650.0739,F,2005-08-05,296776830786
184,Tonya Walters,zhall@example.org,6459181064,M,1995-12-17,404374476185
185,Joseph Wolf,greggjackson@example.com,355.629.1829,O,1995-08-13,463131785668
186,David Hogan,rossmichael@example.com,929-428-6864x3886,O,1994-11-03,671639130268
187,Joseph Clark,chelsea08@example.com,001-592-433-7068,F,2007-01-25,411404545276
188,Theresa Garner,garciagreg@example.com,+1-631-549-2888,F,2001-02-08,545774371166
189,Zachary Walker,jaimearcher@example.org,892.914.1743,F,1994-07-27,410041996302
190,Matthew Hughes,damongreen@example.com,001-438-430-8841x2052,O,1994-05-06,235844070780
191,Kimberly Fox,brent17@example.net,(358)363-2368x1178,F,1994-12-13,354166756991
192,Karen Williams,hoffmandarryl@example.net,409-898-7829x46148,O,2004-05-29,719598478058
193,Tanya Adkins,lthompson@example.com,(774)597-0368,O,2006-01-05,578777699754
194,Chelsey Weber,michael61@example.net,(459)923-6480,M,2002-09-25,750050758677
195,Drew Lopez,joeconway@example.org,001-703-507-5185x2855,F,2004-03-25,768145180409
196,Thomas Davis,qmills@example.com,(532)395-7543x3128,F,2005-05-14,706964301892
197,Erin Lawson,smartinez@example.org,+1-281-620-4007,M,1996-07-30,653402834261
198,Cassie Murray,jonesdanielle@example.org,782-525-3324,O,1997-02-18,512626869292
199,Stephanie Torres,sheaheather@example.org,812.649.7574,O,1994-09-20,556055554722
200,Michelle Love,garysullivan@example.com,(596)291-3888,O,2003-12-18,174619889200
201,Miguel Rodriguez,dbell@example.org,001-395-857-9382,F,2005-01-04,705920909487
202,Alexandra Scott,veronicarodgers@example.net,528.758.8324x4576,O,2006-05-21,478351475098
203,Destiny Lawrence,parkererica@example.org,001-348-702-3165x1835,O,1995-10-26,335894705177
204,Kayla Decker DDS,katherine71@example.com,+1-236-903-9853,F,1995-09-09,781181977158
205,Ryan Boyd,jeremy19@example.org,+1-544-733-1255,F,1995-03-24,840281578684
206,Cory Bennett,iford@example.net,(700)617-0664x237,F,1999-11-19,287895996814
207,David Mueller,lamberic@example.net,485.277.8289x63791,F,2006-08-19,427440030899
208,Nicholas King Jr.,ballardnatalie@example.net,733.876.6379,F,1994-05-12,125304830876
209,William Russell,melissa05@example.org,(824)961-1855x1281,O,2001-05-21,483888066987
210,Martin Moore,karenbeasley@example.com,724.676.1119x67580,M,2005-12-11,236796473764
211,Eric Marshall,yjackson@example.net,+1-552-935-7666x11850,M,1997-03-13,962054627564
212,Brandi Lopez,hannahhoward@example.com,894.883.9532,F,2003-09-25,899598800598
213,Donald Welch,brownbrandon@example.org,794-574-5187,O,1995-02-28,227001614072
214,Sergio Miller,osmith@example.org,769.956.2442x319,M,2004-09-24,114380481393
215,Dawn Burns,msweeney@example.net,001-687-206-0406x535,M,2000-09-24,180980848741
216,Deborah Watkins,april65@example.com,001-707-844-9533,M,2007-02-07,703015494926
217,Kaitlyn Thompson,woodskatherine@example.org,001-240-912-1087,M,2004-10-03,561222480824
218,Joanna Johnson,davisjonathon@example.com,(238)573-5307,F,1997-04-03,488078293140
219,Emily Cunningham,marshalljacob@example.net,(679)846-2955x7524,O,1999-05-08,883257545482
220,Amber Turner,mahoneycody@example.org,670-974-9405,O,2004-01-27,390095536924
221,Kevin Skinner,wrodriguez@example.com,(475)578-0346,M,1995-03-14,901011393606
222,Tiffany Garcia,jacobjohnson@example.net,+1-537-342-6199x867,O,2002-12-09,590023186908
223,Teresa Willis,toddramirez@example.org,922.219.3841,F,2002-09-11,195638779572
224,Hannah Taylor,stephaniemitchell@example.org,001-403-871-7979,M,2003-03-20,749580942853
225,Brittany Glover,eric91@example.org,001-279-839-4278,F,1999-09-16,334703911439
226,Marcia Shea,yjenkins@example.net,(898)206-9936,O,1996-01-09,789311243578
227,Anthony Campos,russellmark@example.net,001-987-362-6464,F,1994-11-29,509101368017
228,Samantha Miller,carterkrista@example.net,626-832-7019x35375,M,2004-01-04,882956914650
229,Kaitlin Gregory,ofletcher@example.net,4443009996,O,1999-04-28,505257593814
230,Anna Hall,martinmahoney@example.com,6085761091,O,1997-04-18,119915091096
231,Stephanie Macias,courtney48@example.com,838-395-2857,F,1999-11-20,329814209106
232,Valerie Campbell,garciaanthony@example.net,001-379-574-9541x46207,F,2004-12-17,993523190928
233,Alicia Huber,ambermathis@example.org,+1-905-946-6680,M,2003-07-08,302982045349
234,David Coffey,melissa24@example.com,001-958-642-4422,O,1996-06-29,272977891984
235,Christine Ibarra,mossnicholas@example.org,652.266.7121x3230,F,2002-01-28,177569121953
236,Elizabeth Gray,michael52@example.org,745-334-9366x00404,F,2003-01-05,134369057750
237,Nicole Owens,christine55@example.org,653.708.2906x25311,M,2002-04-21,321707653991
238,Jennifer Mcclure,rebecca38@example.com,(399)210-5056,F,1995-02-05,304413432605
239,David Alvarez,davidjones@example.com,+1-570-910-7357x1613,O,2001-12-13,808513568686
240,Mikayla Burke,hooverbrady@example.com,364.791.5963x453,M,2006-07-19,408567617871
241,Christopher Donovan,vrivers@example.com,(943)219-7391,O,1999-06-29,398180582540
242,Melinda Strickland,michael22@example.com,001-385-832-5141x5816,F,2003-12-07,228791973030
243,Karen Gonzalez,kylewong@example.org,(233)931-7017x64497,M,1999-11-18,568891577988
244,Julie Green,gfritz@example.org,(804)388-2480,O,1997-02-10,332469512748
245,Robert Marks,estradapreston@example.com,001-946-338-1610,O,1997-09-15,440035248372
246,Monica Martin,smueller@example.net,5544787369,F,1994-09-27,772636932688
247,Linda Stephens,churley@example.com,711-485-0127,M,1996-06-29,124279059346
248,Christopher Wu,andreray@example.com,285.500.0488x940,F,1997-11-16,598350947770
249,April Rivera,manuelhumphrey@example.net,001-207-584-8064x6255,F,1994-10-24,204940236537
250,Marissa Carey,qreeves@example.org,4877524888,O,2005-06-23,236410919201
251,Kristin Miller,umorgan@example.org,914-328-5069,O,2003-05-01,475901373847
252,Kathleen Moore,todd72@example.net,001-862-968-5729x86315,F,1997-08-22,619140440204
253,Kathryn Gross,stephen80@example.com,001-909-566-2992x65353,M,1997-12-12,464982106053
254,John Barber,sabrinawilliams@example.com,(354)631-7965,O,2001-08-30,405962099850
255,Margaret Davis,brandonwilson@example.org,676-887-1052x238,F,2003-02-24,917038381214
256,Matthew Fowler,williamscarolyn@example.com,7446660567,O,1994-04-14,621906870982
257,Nancy Murphy,sbrown@example.net,8209634222,F,1996-06-03,145272877641
258,Miranda Myers,rachel66@example.net,(680)664-9054x7694,M,2004-05-02,303009531713
259,Cameron Ramirez,mneal@example.org,397.706.4039x279,O,2001-02-14,769835221139
260,Kenneth Davis,apace@example.org,858-492-4828x61377,O,2000-07-17,902382851785
261,Amy Davis,phillipsdonna@example.net,683-402-7989,O,2001-05-30,804630052303
262,Mark Love,johnbrooks@example.com,+1-653-511-2750x189,O,1999-06-06,940366927823
263,Justin Ortiz,williamwise@example.net,+1-509-348-3793x3561,M,1999-03-03,209244282100
264,Kenneth Gross,wrightkimberly@example.net,603-327-8429x690,M,2004-08-22,956764900105
265,Joseph Mcdonald,andrew27@example.com,(724)853-9334,M,2006-09-15,841633133730
266,Matthew Bowers,brittanyhartman@example.net,597-380-2529,F,2005-10-30,481695594197
267,Nicole Dalton,dmckenzie@example.com,001-240-316-8029x454,O,2003-08-25,539581080769
268,Christopher Reynolds,dwoods@example.net,407.502.4648,O,2007-02-21,723664452155
269,Andrew Lane,athompson@example.com,320-453-9270x349,F,1999-05-14,164820251096
270,Gregory Callahan,shannonhobbs@example.org,+1-241-600-8618x54153,F,2003-08-09,846804688912
271,Robert Barry,vfrancis@example.org,001-999-393-1755,M,2004-11-26,973093139327
272,James Holmes,james57@example.net,806-723-4558,O,1995-03-04,306287017716
273,John Short,erica20@example.net,800-593-3373x1825,O,1996-09-07,962177535285
274,Jeremy Kent,uwerner@example.com,919-965-3553x2576,M,1998-08-10,237516660320
275,George Cole,nicholsondanny@example.com,707.583.8123,O,2003-08-24,923175286155
276,Brooke Barber,deniselewis@example.net,757-512-0019x949,F,2003-09-13,689893110898
277,James Mitchell,uleblanc@example.net,001-358-479-6449x617,F,1997-10-15,142817790240
278,Frank Wilkinson,tanya86@example.net,998-817-8925x07517,M,2000-08-24,782346440015
279,Mrs. Laura Horn,norrisdaniel@example.org,491.452.0824,F,1996-11-21,530970099528
280,Brandon Campbell,wendydavis@example.net,239-390-2998,M,2004-05-15,903711110574
281,Jill Anderson,wallacechristopher@example.org,8447787402,F,2002-01-17,393265766727
282,Tamara Warren,sara17@example.com,+1-338-693-5618x0288,F,2000-02-14,627644891224
283,Victoria Lutz,mitchelljorge@example.net,214.534.6022,O,2006-11-22,635967827925
284,Jason Davidson,gregorymartinez@example.com,(312)705-9175x84247,O,2002-07-23,392407735122
285,Frank Wilson Jr.,kelseybarker@example.org,898.771.3377x43505,F,1998-01-05,392240388554
286,Michelle Bruce,wmoore@example.com,601.798.7488x155,M,2003-09-01,745480452164
287,Christopher Duncan,smithjames@example.org,(928)414-9065x6548,M,2000-07-27,570157633911
288,John Torres,thompsonthomas@example.org,366.921.7526x900,O,1995-03-14,513089026494
289,Robin Clark,gene07@example.net,809-458-4997,F,2000-02-11,522809463940
290,Kenneth Sanders,berrymark@example.org,6559018403,O,1997-01-17,951811346518
291,Derek Brown,leahallen@example.org,(821)328-5440,M,1997-08-16,445793645246
292,Thomas Weaver,mackenziemaddox@example.com,+1-965-412-7195,O,2000-11-13,692834206616
293,David Le,zhall@example.net,869-937-6199x74392,F,1995-11-08,112507591532
294,Michael Hunter,rogerwhite@example.net,786-381-0300,O,2003-11-16,842619165877
295,Kathryn Gilbert,rwatkins@example.com,873-510-3746,F,1999-01-07,341606386808
296,Angela Hudson,orrsarah@example.org,+1-477-804-6281,M,2000-01-29,130607279918
297,Damon Clark,jonescrystal@example.com,+1-518-314-1337x7894,F,1998-04-18,954169454049
298,Elizabeth Beck,amy77@example.net,(811)203-7668,M,2000-11-15,649070620569
299,Douglas Foley,casey33@example.org,784-797-1598,M,1997-09-14,843102393787
300,Shannon Schaefer,staylor@example.org,+1-808-715-2029x102,M,1998-09-11,353943582644
301,Melissa Lee,james57@example.com,001-862-711-1092x49372,F,2005-02-14,444504853266
302,Erica Carpenter,harveyricky@example.org,715-928-4599x0602,O,2002-05-02,698087528621
303,Nicholas Long,osteele@example.com,(318)785-3728x95295,O,1996-09-03,238554184387
304,Morgan Mack,lrodriguez@example.net,001-931-326-9958,F,2005-04-05,215953755179
305,Natalie Abbott,kmiller@example.net,(740)365-5157x2672,M,2002-10-20,550471170746
306,Gabriella Mccoy,ksmith@example.com,822.226.6694x5029,O,2005-05-01,925122548588
307,Jordan Randolph,burnsedwin@example.net,001-432-336-1178x2350,O,1997-05-24,481514291506
308,Dr. Alexander Ortega,brent49@example.com,770-225-7153,M,2002-02-15,853554707367
309,Kristen Tyler,foxangela@example.net,+1-479-451-6349,F,2001-03-19,268288734002
310,James Johnson,lisa22@example.org,938-852-9484,O,1998-08-05,968950269558
311,Vincent Wagner,tyler50@example.com,(211)867-8294,M,1996-01-28,745508355083
312,Jennifer Roth,ualvarado@example.net,419.929.4702x92014,F,1997-08-09,555955570579
313,Brian Kramer,gaymichelle@example.net,(806)258-0783x05725,F,2000-06-23,459557335622
314,Frank Watkins,burnettadam@example.org,(634)273-7260,F,2005-08-15,353886461501
315,Aaron Hamilton,hollyberry@example.com,234.522.9640x77769,O,1997-08-26,332270856730
316,Catherine Mendez,ballkelly@example.org,650.481.9481x69177,F,2002-04-01,976467438085
317,Elizabeth Clayton,hobbsraymond@example.net,390.629.1015x408,F,1995-06-21,433683878371
318,Samuel Johnson,tonyataylor@example.org,967-668-3181x84091,O,2000-05-23,495231640470
319,April Castro,coreyclements@example.net,780.528.4988,M,2000-10-15,916763118659
320,Carlos House,james60@example.net,964-266-3523x441,F,2003-11-04,987467871648
321,Stephen Jordan,natalie43@example.net,001-959-820-6762x385,F,2001-12-02,779054929739
322,Judith Gray,gina52@example.com,+1-972-441-9008x83756,O,2003-04-09,320669650088
323,William Torres,lauren87@example.org,420.308.6399,M,1995-11-23,321987333096
324,Austin Copeland,justin78@example.com,+1-301-437-6298x307,M,2000-08-06,152796476944
325,Robert Fisher,zgraham@example.org,(410)201-0268x5990,F,1998-06-19,773221923452
326,Timothy Cook,naguilar@example.net,2219306800,M,1999-06-21,965364607344
327,Joe Montoya,nancysimmons@example.net,(676)679-3035x47146,F,2002-11-09,684466543655
328,Erica Barajas,zmitchell@example.net,(967)679-7384x19064,O,1996-09-10,958728853603
329,Jesse Espinoza,boydmichael@example.com,772-917-4409,F,1995-07-11,585215449701
330,Joseph Roberts,steven13@example.org,8697707088,M,1999-08-24,142203005223
331,William Pearson,matthew39@example.org,252.676.3857x594,O,2005-03-01,687424747400
332,Jessica Campbell MD,tdalton@example.net,001-319-238-8857,M,1996-02-27,509919137808
333,Vanessa Jones,micheal77@example.com,311.730.1351x1818,O,1996-10-10,860922113643
334,Diane West,lwilson@example.org,(757)898-5883x6676,O,1998-05-30,728342646564
335,Thomas Fields,wgeorge@example.net,+1-690-705-3697x0064,F,2001-12-11,902618390623
336,Mason Rivera,gomezmichael@example.org,001-576-332-3383x784,O,2001-09-22,523113374504
337,David Martin,ekennedy@example.net,001-596-790-9966x437,O,2005-05-17,173141664428
338,Sarah Miles,oliverandrew@example.org,001-434-695-7401x93667,M,1996-10-09,585394855254
339,Curtis Mitchell,davidosborne@example.net,+1-367-257-3351,M,2006-01-15,378430960296
340,Craig Clark,phudson@example.com,001-252-875-1528x09421,O,2007-01-27,613838669122
341,Mary Perez,andregilbert@example.org,(890)454-0440x708,O,1995-12-01,438341333413
342,Jasmine Torres,john50@example.com,432.370.0614x4085,F,2001-01-22,131283704132
343,Angel Green,kleonard@example.org,+1-890-295-7236x856,O,2003-05-20,917077846214
344,Kayla Miller,robin72@example.com,292-660-3936x07583,M,1997-04-08,760536803089
345,Amber Jones,ronald92@example.org,276.432.4426,F,1994-05-06,353426869521
346,Charles Johnson,kennethgordon@example.net,9597422303,M,2004-08-29,379817147654
347,Craig Liu,lisabell@example.com,(694)852-2111x004,O,2004-03-12,800738530432
348,Zachary Jordan,kingdave@example.net,651.945.5149x9958,M,1994-06-19,770049774163
349,Amber Meyer,michaelshelton@example.com,001-283-413-5824x5921,M,1996-05-28,275366654738
350,William Spencer,shermanwayne@example.com,001-492-733-4795x41693,F,1999-02-04,220164833804
351,Danny Baldwin,samanthaevans@example.com,(456)346-7349x0336,O,1996-01-01,610987306416
352,Antonio Fletcher,sarah48@example.net,001-411-503-6918x33652,F,2002-10-23,247740060763
353,Gina Alexander,hawkinsmichael@example.net,588.332.8155,M,1997-12-16,729711069839
354,Savannah Bailey,natalieparker@example.org,5647353214,M,1997-03-04,483200326925
355,Jessica Hill,kentlucero@example.net,5555025322,O,2000-06-02,841215770002
356,Rachel Henry,alowe@example.net,484-820-4781,M,2006-10-21,163568774610
357,Margaret Reynolds,macdonaldlisa@example.org,778.276.8009,F,1998-01-26,440553558993
358,Gary Ramirez,rnelson@example.net,001-548-911-8666x3056,O,2002-08-22,850465585565
359,Donna Terrell,jessica71@example.org,609-257-7289x99422,M,2002-03-10,150721513020
360,Jacob Coleman,qrobinson@example.com,(588)223-6873,F,2006-05-26,514825313483
361,Sarah Ayala,zbenjamin@example.com,(268)510-9125x0417,O,2000-06-07,534561367038
362,Brenda Mcclure,asimmons@example.org,(432)426-4408x06650,M,1996-06-27,827368196934
363,Ana Stone,ashleycoleman@example.com,6476511484,F,1994-09-15,498036015205
364,Jennifer Steele,abowman@example.org,381.754.1591,O,2003-04-24,279304882912
365,Scott Davenport,lancebaker@example.net,(355)237-4846x801,O,1998-02-21,889229562054
366,Karen King,latoyaanderson@example.org,4973806795,M,2000-01-16,563189547991
367,Sandra Bell,samantha91@example.net,401-667-4547x7129,F,1994-09-10,681276032862
368,Sharon Bush,ipalmer@example.org,784-930-7792x308,M,2005-06-29,826568722465
369,Elizabeth Cruz,gonzalezchristopher@example.com,429.926.1431,O,2002-03-09,150626781983
370,Joe Murray,allensarah@example.org,580-799-0354,O,2002-05-23,287321465047
371,Bradley Miller,tmacias@example.net,(924)214-5654x72440,M,2006-01-30,408244512947
372,Chelsea Hansen,riveratracy@example.com,(207)492-6263x2662,F,1996-12-21,608768002265
373,Nancy Nash,nsimpson@example.org,+1-959-578-3465,F,1995-04-19,920709818535
374,Chase Craig,sarahbaker@example.com,560-272-3734x1459,M,1994-05-09,340957133831
375,William Hernandez,omann@example.org,001-313-624-3923x90579,O,2005-11-06,565991721346
376,William Stanley,ernesttorres@example.org,(363)301-4526x57354,F,1995-09-02,904348653311
377,David Wilson,kelly64@example.org,001-511-886-6211x944,O,2003-06-10,224382185900
378,Derek Mosley,holsen@example.org,223.656.0880x705,F,2000-10-29,881020780032
379,Heather Baker,kevinneal@example.net,495-917-7580x82029,M,1994-04-29,961801332134
380,Sandy Bush,andrea04@example.org,+1-987-295-3516x49628,M,2000-02-07,808273645372
381,Annette Floyd,mark58@example.org,001-616-224-1196x7809,F,1995-11-15,165589393490
382,Evan Harris,amanda32@example.org,827-871-2398,F,2000-02-21,545397283201
383,Nicholas Chavez,cooperkimberly@example.net,583-870-3402x55358,F,1999-01-18,206116385663
384,Nicholas Jones,espinozacameron@example.net,001-959-288-9027x87757,O,2000-05-10,776668706374
385,Lisa Stokes,tonygarcia@example.com,202-837-3420,O,2006-07-25,808754502490
386,Megan Moyer,palmerlaura@example.com,(845)728-0977x187,O,2006-09-05,527802019465
387,Cassandra Sharp MD,mercerbrittany@example.org,7439647079,M,2001-11-21,352406204793
388,Kimberly Parks,millerdavid@example.org,209-203-7999x3467,M,2003-11-27,136755386040
389,Jeremy Thompson,janicedavis@example.org,794-357-4685,M,2004-09-08,186782595534
390,Debra Mcclure,karen36@example.org,6802682047,M,2005-09-20,527398120797
391,Tammy Stanley,alvaradokyle@example.com,001-868-589-3698x5369,F,1998-04-27,856712957921
392,Hunter Ashley,sethweber@example.net,(610)829-2130,O,2005-05-13,305757885640
393,Nicole Hoffman,rebecca96@example.com,+1-314-239-0270x740,O,1994-08-17,138369656788
394,Kayla Jones,myersjared@example.org,(457)207-4522x67556,O,2003-12-11,503852420260
395,Amanda Miller,valerie41@example.com,001-551-430-0250x71439,M,1999-09-23,395017240678
396,Deborah Everett,fallen@example.org,001-654-283-7534x56414,M,1998-08-29,883201810744
397,Tina Bradley,kristine26@example.net,2695874673,O,2005-08-27,366713708478
398,Kenneth Smith,dwalker@example.net,+1-209-443-9774x2570,M,2005-02-20,372935939741
399,Aaron Peterson,gloverjames@example.net,230-582-5903,F,2003-02-20,438426185629
400,Lisa Morris,webbjoseph@example.net,(685)593-7486x276,M,1998-10-19,366119170788
401,Donald Harris,morsemichael@example.org,8337253815,F,1997-02-13,972171931604
402,Brian Hanson,wendyparker@example.com,635-919-5630,M,2006-10-10,548314692139
403,Shawn Dunn,zcollins@example.net,(657)605-0841x0718,F,2000-02-15,278428004480
404,Audrey Nguyen,cwolfe@example.net,+1-668-232-0259x91430,M,1994-03-22,247926359399
405,Melissa Bryant,kimberlyford@example.org,2602273290,M,1995-05-31,198870960229
406,Brian Avila,usutton@example.org,714.784.8692,M,2005-11-19,327101515009
407,Michael Williams,jwalton@example.org,305-201-9956x19565,F,2003-01-13,306223301657
408,Cynthia Green,albert40@example.net,9666089517,O,2001-12-18,543791567102
409,Sarah Williams,frederick64@example.com,488.214.3801,M,2003-04-03,608152155803
410,Taylor Vazquez,hhayes@example.org,442.583.1752,O,2006-06-05,641522446492
411,David Ramirez,taylorkelsey@example.net,001-228-623-7924x2757,M,1996-12-21,916651345858
412,David Craig,dthompson@example.net,001-964-959-0398,M,1998-11-10,281618584003
413,William Berry,ibarton@example.com,+1-396-840-6349x58476,F,1994-05-28,773139901041
414,Brittany Swanson,pgordon@example.net,(504)287-7977,O,1997-11-03,446111724273
415,Scott Carter,petersonwilliam@example.com,693-679-2848,M,1995-01-14,387912711831
416,Carol Mcconnell,kristentorres@example.org,986-771-5775x389,O,2000-05-22,987697429996
417,Kim Le,hhester@example.com,205.939.4765x675,M,2005-01-06,937849454293
418,Jack Fisher,mathewhughes@example.org,(968)690-0856x856,F,1998-01-30,120673172263
419,Michael Campbell,wesley93@example.org,(592)215-5269,M,2004-11-14,900905905271
420,Amy Freeman,douglastaylor@example.net,418.882.6946x3641,M,1995-09-14,363339696070
421,Clifford Hicks,huntersusan@example.org,987-706-3664,O,2002-12-27,703815673392
422,Sarah Caldwell,myerserin@example.net,437-638-7170x6954,F,2003-11-23,572791629449
423,Jon Macdonald,gomezjustin@example.org,(848)264-4226,M,1999-02-23,696268077174
424,Jessica Aguilar,murraymegan@example.net,001-655-739-7268,O,2000-11-30,906739559841
425,Dylan Edwards,njensen@example.com,+1-740-427-4414x2808,M,2000-09-10,551689249724
426,John Watts,jamespage@example.org,298-811-7368,M,2007-02-16,149931452545
427,Wesley Mann,ashley81@example.com,+1-942-997-6673x6844,M,1995-09-04,918205106033
428,Deanna Savage,hojessica@example.com,506-804-3809x799,M,1995-09-25,846953334349
429,James Fischer,michellejones@example.net,668.682.3459x20290,F,2000-02-06,802213570538
430,Gabriel Lee,melanieperez@example.org,(990)696-8995x8963,M,2002-10-16,164176372567
431,Emily Woodward,qmarsh@example.org,(595)746-1800x756,F,2001-06-08,164068392650
432,Keith Watts,tmarshall@example.com,486-359-7819x9404,M,1998-02-18,652869487405
433,Adrian Christensen,ffleming@example.org,001-391-429-1698x70799,M,1994-11-17,469075775060
434,Melanie Farmer,kellymiller@example.com,(765)644-1374x492,O,2002-10-07,879537512304
435,Paul Lucas,kayla28@example.net,2515725508,M,1999-07-19,707701516334
436,James Taylor,christopherwest@example.com,(598)598-0237x602,M,1998-03-29,765064316004
437,Jose Jensen,roberthess@example.org,268.414.9394,O,2000-10-19,537765806789
438,Jessica Smith,ryanayala@example.org,+1-763-765-9278x212,O,2006-01-23,551636019417
439,Robert Brooks,omarjones@example.com,282-793-4747x56136,F,1998-11-03,572760381704
440,Morgan Wright,drowe@example.com,+1-569-707-4460x6773,O,2001-03-25,964088080421
441,Deborah Diaz,simonrobert@example.org,340.686.3281x99111,O,2002-10-11,562955296926
442,Amy Werner DDS,lisa14@example.com,909-494-9926x19241,O,1995-08-12,572762326118
443,Garrett Patel,hcopeland@example.org,916.545.8708x14403,M,2004-02-13,492021849213
444,Morgan Hines,amanda09@example.org,+1-365-824-1285x609,O,1994-04-02,649937160059
445,Wendy Ponce,gregory73@example.com,(439)982-0997,F,1996-11-17,705652867865
446,Jeffrey Lane,wvazquez@example.com,+1-429-959-6321x0975,F,2006-10-29,909024929967
447,Mary Carlson,glennmcdaniel@example.com,(689)402-5853x30018,F,1995-12-18,259176712262
448,Ann Bruce,ychapman@example.com,726.602.5139,O,2005-09-04,683886381855
449,Crystal Edwards,carternicole@example.net,+1-546-724-7743x4532,F,2001-02-15,609775839392
450,Rebecca Sanchez,cclark@example.com,+1-873-996-1914x694,O,1996-08-20,876251903536
451,Juan Lopez,gibsonkristin@example.org,+1-790-568-4130x83155,O,1996-07-07,179032724924
452,Crystal Benitez,taylor80@example.org,500-395-9751x5513,F,2001-07-07,674781628178
453,Nicholas Moore,hannajoel@example.com,753-249-6349,M,1998-09-05,126027143306
454,Dr. William Odonnell,amberstein@example.org,(360)405-0237,F,2003-10-10,804167054319
455,Molly Hart,athomas@example.org,+1-845-769-2318,M,2007-02-08,969412688899
456,Linda Sims,roberthubbard@example.org,+1-922-925-1640x346,F,2003-10-30,944490148375
457,Christopher Young,hannah71@example.org,(430)960-0046,O,1995-03-22,770952471736
458,Alan Collins,smithmatthew@example.org,+1-882-379-7816x7991,M,1995-07-13,321370761057
459,Joseph Griffin,courtneycole@example.com,688.532.3701x446,F,2000-08-28,824320785375
460,Karen Hill,idavis@example.org,+1-967-231-3510x8664,F,1996-11-26,337007991698
461,Ian Lloyd,josephfarrell@example.com,001-464-870-1378x07514,M,2004-11-03,533252925040
462,William Kemp,juanbell@example.net,5116128530,M,1996-02-07,420834764941
463,Lance Martinez,mitchell29@example.org,+1-267-248-4533x00143,F,2000-05-29,115744784961
464,Robyn Boyd,pmatthews@example.net,6696221021,M,2001-07-14,755797956651
465,David Ferguson,qjenkins@example.net,+1-916-430-0490,M,2004-02-24,976395108722
466,Shannon Garrett,opeterson@example.net,+1-329-835-5392,O,1997-05-01,156703290111
467,Matthew Petersen,martinezdavid@example.com,+1-842-493-4670x01478,M,1998-09-27,250464992847
468,Nancy Collins,bradleyrodriguez@example.org,(619)658-0093x698,O,1994-09-29,973338411500
469,Leah Wang,pamela47@example.org,+1-291-523-4032x25876,M,2004-04-13,789313244545
470,Mark Gonzalez,sancheztravis@example.org,826-237-0357,O,1995-04-15,274057874531
471,Michael Harris,dreid@example.net,001-335-452-0209x40605,O,2000-08-07,330095259724
472,Tony Ward,jimmy50@example.net,544.668.6347,O,1997-08-28,924540321577
473,Beth Brown,manueljackson@example.com,+1-205-564-9250x74617,O,1997-09-30,774288611978
474,Miss Susan Zamora MD,juanmitchell@example.net,563-223-2065x179,O,2002-07-27,752855002590
475,Erin Wood,colleenlynch@example.net,567.855.4178x33054,O,2005-11-24,982278450195
476,Ryan Williams,qphelps@example.com,984-781-9288,O,1994-09-02,537246886085
477,William Wall,michael96@example.net,237-407-0729,F,2000-12-12,726425073624
478,Amy Flores,shanebrown@example.com,681-593-0294x9959,F,2000-07-02,170934637926
479,Kelly Ponce,ywelch@example.com,+1-982-318-2375x1814,F,2004-04-24,466512193173
480,Kristopher Hubbard,adamskeith@example.com,+1-244-729-3673x9122,O,2002-05-27,810804128953
481,Lisa Sims,xbrown@example.com,5327683753,M,2000-12-01,216402822420
482,Mrs. Shannon Willis DDS,opatterson@example.com,5884936341,F,2005-08-11,832250852843
483,Molly Blair,kevin39@example.com,8429965700,F,2006-05-19,854574542528
484,Caitlin Fleming,pescobar@example.com,+1-481-545-6905,M,1998-12-05,368097473799
485,Keith Reyes,omaldonado@example.com,(210)998-9883x79643,M,1998-06-06,373594356196
486,Gail Cole,davidwalker@example.com,785-736-6757x589,F,2001-05-24,930539438212
487,Philip Ferguson,alison26@example.net,9425943963,M,2006-06-13,270613859127
488,Lindsay Dillon,kennethwatkins@example.net,727.874.0269,F,1994-04-19,622589807758
489,Kendra Johnson,weberlaurie@example.net,(434)890-5068,F,1995-09-03,893257714894
490,Marie Haney,uanderson@example.com,(906)625-4506x6223,M,2000-09-01,995932259152
491,Brooke Smith,ehamilton@example.org,+1-944-320-8380,O,2004-06-04,639023859851
492,Tara Andrade,anthonyfernandez@example.com,(514)998-5114,M,1995-12-01,965988222867
493,Carol Torres,nathanwilliams@example.org,2653378771,F,2004-12-05,466306237702
494,Kenneth Greene,chad38@example.org,350.345.1938x8464,M,1997-05-30,926700346234
495,Danny Gutierrez,dbennett@example.com,+1-374-930-7918x699,O,1995-08-27,207841176759
496,Nathan Parker,steven78@example.com,001-617-488-6699x211,M,2000-04-19,628607574000
497,Timothy Hughes,pattersonkayla@example.net,+1-722-948-9407x27600,O,2001-08-07,797348998848
498,Michelle Clark,ewilliams@example.com,(278)474-1710x213,M,1998-12-21,500806457031
499,Ariel Bender,maynardtina@example.net,(664)340-9453x563,M,2002-02-26,945046480544
500,Bruce Henderson,ggreen@example.net,807.478.4921,M,2001-12-10,101780017344
501,Jennifer Smith,armstrongsusan@example.net,216.723.9710,M,2000-08-01,658388964776
502,Kenneth Jones,heather32@example.com,553-597-7015,O,1994-08-15,976268094963
503,Ronald Harper,williamflores@example.org,490.840.8232x7783,F,1997-04-10,558706596130
504,Jared Haney,justin63@example.com,+1-860-832-8799x705,M,2005-04-20,921706486994
505,Matthew Johnson,josephburch@example.com,(451)506-6357,O,2003-05-01,662637944268
506,Michael Taylor,landrychristopher@example.com,001-701-365-7671,O,2002-03-31,538252858344
507,Rodney Scott,hendrickskevin@example.com,972.615.4117,O,1999-10-27,866284752998
508,Ashley Blevins,craig70@example.org,873.405.4003x42201,O,2000-10-31,683341472064
509,Kristin Bennett,travis80@example.net,784-246-0487,M,1996-08-14,921337777886
510,Todd Baird,adrienne13@example.com,+1-848-365-8738x2005,F,2004-03-14,674021504918
511,Morgan Stanley,troy71@example.net,+1-646-641-5630x40340,F,1998-03-08,231192780303
512,Bethany Dickerson,jessicabaker@example.net,752.904.7196,O,2001-07-10,115416165449
513,Lisa Mclaughlin MD,shughes@example.net,001-606-700-0858,M,2003-01-08,548160967186
514,Annette Williams,lisa33@example.org,312.900.4444,F,1994-07-20,115597750987
515,Erica Guzman,alicia85@example.net,+1-272-497-5137x5239,M,2000-11-27,693612214415
516,Jessica Rivera,joannasanchez@example.org,(995)938-8311,O,1996-06-18,911757630199
517,Earl Fox,timothyschultz@example.org,+1-732-947-1293x072,M,2006-02-13,224781984742
518,Abigail Smith,harveymichael@example.com,001-435-961-8188x28217,O,1999-05-02,434844610286
519,Amber Lee,marialeon@example.com,001-221-286-5460x224,M,1999-06-06,958027015499
520,Shawn Greene,powelljohn@example.net,799-368-8196,F,1997-01-26,699917254661
521,Anthony Campbell,smedina@example.net,719.689.4286x55584,O,2002-04-12,111704511236
522,Kathleen Brooks,murrayjason@example.org,001-420-241-7838x78263,O,1995-12-24,298704609165
523,Cody Webster,howardleon@example.net,245-957-9304,O,2003-10-22,743251137983
524,Sarah Schmidt,trevorsanchez@example.net,001-837-398-4367x05259,M,2001-10-29,810118391661
525,Joshua Bailey,taylor68@example.com,001-848-834-9021x40156,F,1998-09-24,730569923492
526,Anthony Bell,bianca95@example.net,480.605.0524,M,1998-02-12,323422458076
527,Paul Tran,ashleyrangel@example.net,965.883.6204x4944,M,2003-02-07,191857255202
528,Rhonda Evans,prodriguez@example.org,606-803-1586x98098,O,1997-08-08,402952709904
529,Dylan Baker,wallserik@example.org,916-275-6035,M,2005-09-21,295272454046
530,David Barnett,qcunningham@example.com,001-248-942-7440x478,O,2003-06-26,796023127725
531,Ricky Smith,nathan79@example.net,662.220.7598x172,O,2005-11-01,388629926299
532,Linda Jones,nchambers@example.net,(599)734-2495x4517,O,2005-07-21,745485393632
533,Brittany Bradley,afox@example.com,266-287-7892,O,1995-08-25,863124021888
534,Leah Owens,maria79@example.com,001-247-797-9712x8137,O,1995-01-12,796533278320
535,Eric Russell,lisamacdonald@example.com,(805)232-5911,F,2002-08-12,725988694262
536,April Fox,lstewart@example.net,930-431-7181x292,M,1997-11-24,850218314263
537,Matthew Cross,ryanhendricks@example.net,+1-964-288-3086x9038,O,1997-02-06,696230189152
538,Mr. John Wright,wilkinsonchad@example.net,604.464.6325x4901,M,2003-09-24,532886021547
539,Lindsay Lynch,taylorjackson@example.org,+1-800-853-6634x5230,F,1995-02-15,469123264689
540,Elizabeth Edwards,jennifer91@example.org,3003333915,M,1995-03-19,395333777370
541,James Johnson,rmartin@example.org,831.849.5100,M,2002-02-16,529594589932
542,Noah Davis,qjordan@example.org,(555)870-7273x18152,O,2002-01-02,345825579908
543,Casey Thomas,david26@example.org,933-418-5754,O,2000-01-12,951375488884
544,Wendy Powell,frichard@example.org,(731)428-6120,M,2003-11-21,336930179575
545,Michael Wells,hallstephanie@example.org,+1-299-514-2371,F,2000-03-13,259394721062
546,Robert Cuevas,matthew58@example.org,976-328-6418x110,M,1996-02-08,123367524046
547,Denise Burgess,christymitchell@example.com,+1-601-225-9227,M,1997-09-23,921295394122
548,Jerry Hill,snixon@example.com,+1-563-580-4760x33321,O,2006-11-01,171443534160
549,Taylor Wilson,chardy@example.com,560-521-5346x214,F,2004-03-28,903081512088
550,Shelly Oliver,patrick68@example.com,271-885-4449x22043,M,2005-03-10,114107037911
551,Erin Kelly,sheila14@example.org,001-592-658-2697x4854,F,2003-09-26,878587945285
552,Holly Frazier,daniel44@example.com,+1-382-954-8823x25001,O,2001-09-20,871087409769
553,Sarah Nguyen,douglaswebster@example.org,+1-935-578-1035x021,M,2000-09-02,338405559279
554,Matthew Robertson,sfuentes@example.org,001-917-761-2190x330,M,1998-04-08,526177982576
555,Aaron Shaw,sarahmason@example.org,545-554-2010x534,F,2004-10-13,483426050335
556,Michelle Sanchez,walkermeghan@example.org,+1-297-708-9188x2058,M,2003-03-01,916058109551
557,Jacob Dean,markgutierrez@example.net,(873)959-2318x618,M,2003-04-15,658569286051
558,Deborah Clark,rwilson@example.org,293-237-4796,M,2005-09-13,357522601495
559,Julie Miller,rkim@example.com,927.943.1617x4087,O,1996-09-16,346668378478
560,Dr. Matthew White,dennismills@example.com,001-848-306-9084x28725,O,1994-03-18,467931147142
561,Trevor Hampton DDS,christinaroberts@example.net,913.325.0577,M,1994-04-06,995062508884
562,Mark Gregory,edwin75@example.com,(935)415-9263,F,2001-11-27,333719849334
563,Samantha Brown,tyler50@example.com,951.758.0321x172,F,2005-03-09,790379094472
564,Brenda Powell,marymcintyre@example.net,279-300-8122x51451,O,1997-05-24,972044748815
565,Joseph Pacheco,qluna@example.org,+1-853-480-0677x0790,O,2004-11-14,936988399410
566,Katie Hebert,wrightbrandon@example.org,402-445-8410,M,2004-12-17,536309163217
567,Elizabeth Martin,kevin88@example.net,579.642.3172x90788,M,2001-02-16,794124031793
568,Brittany Rivera,natalie21@example.org,7228979013,M,1999-01-14,482280303247
569,William Coleman,xjohnson@example.org,405-391-9665x0105,M,1997-05-25,423964334897
570,Stephen Quinn,alexandercalhoun@example.net,001-740-505-3857x04961,M,2001-10-24,941130820445
571,Christine Taylor,erin81@example.com,(320)505-5638x7134,O,2003-08-09,665128197908
572,James Velasquez,snyderstacy@example.org,873-346-0879x33448,M,2005-02-06,890048653028
573,Jonathan Sanchez,hlittle@example.com,783.228.2902x01960,F,1999-07-15,302278856632
574,Michael Jennings,julia20@example.net,5789864967,F,1995-06-19,776601169011
575,Dr. Jasmine Castro,clayton60@example.org,249.613.0800x91389,F,2006-12-03,292154969919
576,Matthew Hogan,andersonsonya@example.net,243-398-7785x9837,O,2004-05-10,871752188091
577,Anthony Hays,newtonadam@example.org,929.918.4308,O,2006-11-08,301495094700
578,Brittany Morgan,marissahowell@example.org,5395019401,O,2000-02-28,142616764690
579,Brittany Williams,jesse99@example.net,001-925-467-7528x77454,F,2003-12-07,970956973947
580,Lawrence Lewis,vwallace@example.com,980.857.0612,M,2004-07-16,542001090491
581,Julie Simmons,maliklopez@example.net,995-453-2017x33417,M,1994-04-25,747645206956
582,David Foster,matthewcook@example.net,001-214-586-5698x496,O,1998-09-08,977141417113
583,Jesse Rocha,christopherroberts@example.com,(511)531-4671x307,M,2002-06-02,323020650247
584,Melissa Little,pricedaniel@example.com,312-842-4160x10105,O,2005-12-19,510735668079
585,Jeffrey Green,barbaralong@example.com,+1-788-993-0475x580,O,1995-08-19,194548213650
586,Cindy Wagner,gordonjeremy@example.org,643.212.3495x8790,O,1997-08-09,649909973877
587,Kurt Butler,shorttina@example.com,+1-692-466-5814x1478,F,1998-05-30,658865738513
588,Jessica Marks,lawsonwilliam@example.org,517.764.7267x1189,M,1998-09-06,613703611156
589,Kathleen Allen,karen89@example.com,(485)385-3216x294,M,1998-07-14,520399009889
590,Nicole Williams,edwinmonroe@example.net,001-269-657-4990x886,M,1995-05-29,763374558040
591,John Rivera,nicole70@example.org,+1-492-685-8692x146,F,1996-01-24,994678671886
592,Alicia Sanders,erin49@example.com,(745)819-9454x0208,O,2000-06-25,498052419156
593,Lisa Martinez,ashleyhernandez@example.net,733.511.7116x825,M,2006-08-19,180984788307
594,Melissa Medina,wburke@example.org,352-366-1838x9429,M,1999-03-09,399588385276
595,Ebony Anderson,yreese@example.org,555-477-2777,M,2005-12-19,972138115508
596,Sheila Ross,brownlaurie@example.com,(799)893-1761x39062,M,2001-05-25,118386535907
597,Patrick Ellis,brittney60@example.net,(908)600-7001,M,2002-11-03,730028914206
598,Amy Shelton,lisapotter@example.net,234.628.5131x14067,F,1997-03-12,803254011771
599,Susan Ramirez,tiffany98@example.org,(932)494-4801,O,2002-09-12,905150435216
600,Emily Nelson,daniel74@example.net,533-633-6805,O,1996-11-03,257098565209
601,Curtis Bell,toddking@example.com,297.219.2509,O,1999-01-06,350221629802
602,Calvin White,arnoldfrank@example.com,510.714.8017x595,M,2002-11-21,852858406074
603,Laura Williams,xjohnson@example.net,(954)874-9001x020,M,2000-01-04,274960457325
604,Roberta Brown,scottstephanie@example.net,470-297-4147x31105,M,2002-07-08,977932086867
605,Henry Anderson,pamela50@example.org,687-705-1466,F,2004-04-01,914974519010
606,Kaylee Heath,ngreen@example.org,+1-295-351-9341x5782,M,1999-06-07,883594996717
607,Brandon Estrada,kevin60@example.net,209-822-5316x440,M,2000-12-17,508113311143
608,Shane Ramirez,dylan54@example.org,933.316.4945x63505,M,2006-09-17,355520227091
609,Kevin Rowe,dylan22@example.net,001-572-856-9098x1596,M,2001-02-15,628463077780
610,James Bryan,tammy34@example.net,(844)398-4551,F,1994-11-20,539643156094
611,Steven Rojas,george59@example.net,(473)631-5732,M,2002-09-22,161091850605
612,Nathan Riley,xjohnson@example.net,804.609.2392,O,1999-06-24,460281929413
613,Jared Ortega,christopher72@example.org,+1-894-913-3797x033,M,2006-12-10,745221963404
614,Melissa Walker,velasquezjennifer@example.org,+1-647-522-1987x48479,O,2003-05-28,580004849714
615,Glenn Gross,gkramer@example.com,001-904-494-3489x9886,O,1998-11-08,470667327156
616,Joshua Diaz,jennifergomez@example.org,+1-409-818-8880x6614,O,2002-03-12,737172044397
617,Misty Obrien,haleytodd@example.org,001-533-961-8671x81497,M,1999-06-17,467425279067
618,Joshua Montgomery,henrylauren@example.org,+1-917-801-9080x80593,O,2003-02-22,499322415645
619,Janice Gray,trevorgriffin@example.com,001-323-314-5789x283,M,1997-02-01,414341875074
620,Lauren Thomas,mannjames@example.net,(273)750-5525x93871,F,2004-04-15,191234469102
621,Danielle Phillips,stevenprice@example.net,(912)530-2755,O,2005-06-29,687377405063
622,Drew Gutierrez,wtaylor@example.net,899-645-0491,O,2002-09-22,573340901143
623,Trevor Carson,owall@example.net,588.977.1829x7514,O,2003-07-23,704793112175
624,Matthew Sanchez,anthony31@example.org,001-865-660-0741x45118,O,2005-11-10,441269622638
625,Claudia Ramirez,baldwinjuan@example.org,+1-400-843-6572,O,1994-09-27,384217137339
626,Mary Martinez,clawrence@example.org,5943011899,O,2003-03-08,133626270915
627,Marcia Mejia,roger76@example.org,001-753-662-1092,O,1996-07-07,689028072043
628,Edward Holmes,olivia53@example.net,(815)833-4549,F,2003-12-25,826998180284
629,Jill Bradley,kirbyandrew@example.net,724-452-4293,F,2002-10-27,252340739817
630,Noah Morrison,jamesmoore@example.org,409.376.1783x22099,F,2002-01-12,860953455883
631,Monica Montoya,qthompson@example.net,7994948087,O,1994-07-13,768255467297
632,Melinda Barry,merrittthomas@example.net,+1-456-968-9526x70109,F,1998-04-14,382479118260
633,Anthony Robinson,rhicks@example.com,6634121402,O,2006-04-24,420164073931
634,Justin May,miguelgalvan@example.net,+1-746-912-6712x0249,F,1999-10-31,827433663196
635,John Boyle,jessicaperez@example.net,+1-451-488-6222x1590,F,2005-01-10,419028338867
636,Janet Owens MD,qrodriguez@example.com,(674)527-0148x233,F,2001-11-12,827188398258
637,David Thornton,emason@example.net,(604)771-7132,M,2004-01-07,599540126745
638,Gary Wilson,brendatate@example.net,001-771-971-5800x5127,M,2004-11-10,697639194647
639,David Brooks,chapmanlauren@example.com,959-295-9115x05230,F,1997-08-03,513846010155
640,Mark Gordon,hernandezaustin@example.com,565-263-5288,M,2006-05-29,459997658406
641,Dr. Emily Valdez MD,charlesadams@example.org,001-518-577-9229x02312,F,2003-01-18,260487311114
642,Maria Trujillo,yharris@example.org,6746406332,F,1995-10-14,732460365162
643,Ashley Hendrix,daviseric@example.org,+1-472-424-8617x7468,F,1996-11-14,874201706401
644,Stephanie Johnson,kyle19@example.com,001-609-318-8083x0182,F,1996-01-28,363710305152
645,Phyllis Rice,williamterrell@example.net,001-416-646-2174x632,M,2000-07-05,627574807609
646,Linda Allen,eatondrew@example.org,+1-682-420-6762x356,M,1999-09-11,947177134263
647,Gregory Nguyen,elizabeth00@example.com,324.527.8165x97269,O,2007-01-03,164098783807
648,Lisa Peters,xdonaldson@example.net,561-385-9072x2347,M,1997-04-08,314687465172
649,Justin Escobar,connersherri@example.com,943-833-5883,O,1997-10-22,361550284186
650,Karina Martin,mbowen@example.com,976.235.9754,O,1999-03-24,200014322740
651,Catherine Hernandez,sarahtorres@example.org,(630)758-1735x9890,M,1998-01-19,541906501498
652,Krista Price,graylinda@example.net,267.895.6929x293,O,1998-11-26,421044296486
653,Kelly Bray,kylebradley@example.org,+1-302-704-7859x28436,M,2006-11-05,744600339637
654,Danielle Smith,jcohen@example.net,+1-818-250-7061x404,F,1996-07-29,705849634074
655,Faith Donovan,oleach@example.com,+1-768-259-6564x54242,M,2003-12-11,273494384427
656,Brandon Gomez,qcalhoun@example.com,2902481285,O,1999-07-22,832539129149
657,Dr. James Young,zharrington@example.com,+1-486-501-0981x8465,M,2006-12-16,140017313325
658,Alexander Berg,briannguyen@example.org,001-497-392-4745,O,1996-02-10,226324713748
659,Emily Owen,nortonkathryn@example.net,(923)910-2834,M,2006-11-19,824383625474
660,Nicholas Gray,yhanna@example.org,532.321.7046,O,1994-11-17,871067604730
661,Jimmy Everett,frank65@example.org,655.933.9203x65115,F,2002-08-18,275262434197
662,John Martin,joanne01@example.com,735.844.6339x026,M,2004-08-22,325819217407
663,Wayne Craig,pharmon@example.org,+1-264-257-4455x4544,F,1997-12-03,952802724797
664,James Reynolds,brewercynthia@example.com,741.207.5319,F,1994-10-14,554541574177
665,Ricardo Johnson,timothy37@example.org,986.680.2397x542,M,2000-01-08,193394284934
666,James Hayes,qgordon@example.com,876-635-1332x1015,F,2005-02-16,953841890352
667,Daniel Smith,vfernandez@example.org,466-691-3216,O,2002-07-31,489176624168
668,Jennifer Gonzalez,christine02@example.com,+1-481-414-6306x12995,O,2000-03-05,462293686337
669,Colleen King,charles34@example.net,298-394-6936,O,1997-11-27,492648184168
670,Kevin Black,robertmcdowell@example.org,(975)280-5864x5426,M,2005-03-22,322736485111
671,Amy Bass,staceyjenkins@example.com,542-541-7648x3371,M,2003-09-07,646363187176
672,John Bradford,wwiggins@example.net,(662)886-0011x5840,F,1994-11-10,709832502102
673,Kimberly Becker,lgilbert@example.org,371-786-8367x76570,O,1998-06-13,689970183801
674,Jasmine Hernandez,bjohnson@example.org,5657855942,M,1998-04-04,820920735729
675,Anne Morales,kingerica@example.net,(484)296-5558,F,1997-02-17,370791255607
676,Hannah Velez,brandon86@example.org,6763484828,F,2000-04-03,234645393146
677,Victoria Dudley MD,reyeskaren@example.net,(440)552-5475x820,M,2006-09-18,478596521939
678,Jesse Larson,nberry@example.org,821-524-8820x72451,M,1999-02-09,796556986781
679,Aaron Mcdonald,millerkristina@example.net,600-233-5357x053,F,1997-06-22,223786032121
680,Michele Avery,vgarcia@example.org,(819)758-1823,M,2003-12-27,462438137023
681,Barry Russell,poolekellie@example.net,577-915-9921,M,2003-02-01,545689855450
682,Michael Jackson,lsanford@example.net,388.512.3382,M,1994-03-19,625624255288
683,Matthew Alvarez,sherryhoward@example.com,+1-784-605-3912x10575,M,2005-06-22,756432081025
684,Mr. Mark Sullivan DDS,burkedana@example.net,001-407-462-8986x46178,F,1996-05-08,504984055614
685,David Owens,gonzalezsusan@example.com,+1-222-431-2077x1759,M,2001-04-18,983715466686
686,Chase Rice,rachelcrosby@example.org,835-736-3499x2650,M,1996-06-02,243645878284
687,Alan Brewer,wrojas@example.net,001-611-699-6701x6251,O,2006-12-04,168455296644
688,Gary Boone,jesse77@example.net,+1-583-832-4548x091,O,2006-06-28,403472051085
689,Sean Turner,david16@example.com,7648158956,O,1995-03-15,886997953131
690,Allen Wood,nyoung@example.org,865.344.7680,M,2005-12-26,809127555127
691,Todd Pineda,mark11@example.net,(780)922-6878,M,1994-06-02,768601968521
692,Caroline Adkins,smithlonnie@example.com,673-338-7068x04067,O,2002-01-17,327321818593
693,Mary Orr,jasonvillarreal@example.org,+1-812-805-9573,M,1994-08-05,188957518833
694,Brandi Rodriguez,karlawilliams@example.com,001-627-864-6607x126,M,1995-12-11,430273955646
695,Nathan Alvarez,kristenadams@example.org,(567)452-7881x40927,O,2004-02-04,583161956582
696,Jason Edwards,nicole64@example.net,+1-617-299-0761x79124,F,2004-05-22,157605185080
697,Stacey Nolan,xhill@example.net,+1-818-578-1220x5068,M,1996-09-28,951748311167
698,Billy Gray,ptodd@example.org,+1-630-738-8614x482,O,2001-05-07,845644678184
699,Rebecca Long,john47@example.org,208-562-6536,M,1999-06-02,715107202958
700,Jeffrey Munoz,ashley70@example.net,966.786.0227x6640,O,1997-07-02,995862432603
701,Joann Collins,wellsbrian@example.org,001-678-592-5389x1497,F,1995-05-16,485363070331
702,Kaitlyn Hancock,willie63@example.net,+1-619-376-9419x88472,O,1997-06-22,279481507471
703,John Johnson,elizabethmoss@example.com,001-916-330-5309x81659,O,2003-05-05,209467194190
704,Greg York,ashleywilliams@example.org,001-554-226-4642,F,1999-03-26,625669603403
705,Nicole Barr,zjohnson@example.net,525.889.9163,O,2006-06-09,130646039134
706,Michael Fisher,ujackson@example.org,751.567.9742x94528,M,2006-11-19,387221839035
707,Joel Porter,perezadam@example.net,632.583.8195x370,O,2002-12-16,379423599284
708,Jill Munoz,hesterdouglas@example.com,857-569-0925x055,O,2002-11-04,799085039921
709,Natalie Day,carrie65@example.net,(540)333-1016,M,1994-07-31,544691869595
710,Jesse Hamilton,ysmith@example.net,505.792.9147,O,1997-02-18,731751320999
711,Kathryn Garcia,jessicaolsen@example.net,247-526-1197,O,1999-07-03,883509111046
712,David Henderson,anthony23@example.net,001-827-720-2122x5469,O,1997-08-01,365300420315
713,Tyler Moody,marvin73@example.com,+1-565-286-8115x265,M,1996-10-23,472345979658
714,Erika Horn,gduncan@example.net,531.354.1905x58867,O,2006-03-29,193976581052
715,Jasmine Gray,tpeters@example.com,001-386-314-9981x0850,O,2005-09-28,292793757275
716,Sean Lynn,aaron83@example.org,776.230.8366,F,1996-02-02,342968775409
717,Anna Terry,whiteerin@example.org,688-741-5480,O,1994-04-19,740102813892
718,Brian Hanson,daniel25@example.com,+1-219-822-9938x577,F,2001-02-03,552804562360
719,Courtney Carrillo,yleon@example.com,319.557.5047x224,M,2000-12-06,372725747952
720,Randall Velazquez,wmccormick@example.com,+1-249-830-6472x157,M,1997-07-09,639473926209
721,Kimberly Allen,karen89@example.com,617-251-0417x858,M,2005-08-16,660956420208
722,Dennis Bullock,paul77@example.net,001-904-408-6027x093,M,2002-02-24,189037277324
723,Kristina Cross,maldonadojesse@example.org,001-671-739-2127,O,1995-09-18,939397502174
724,Joshua Santos,youngedgar@example.net,001-598-472-7417x8453,O,2006-02-07,969807029709
725,Michael Wilson,lance84@example.org,719-922-8216,O,2001-08-13,368044876019
726,Sarah Clark,chase06@example.com,001-433-851-6372x153,F,1999-07-11,212135635411
727,Stephanie Gibson,obrienlinda@example.com,510-438-3778,O,2004-10-19,867174827707
728,Mary Wade,joneswilliam@example.com,+1-572-377-3607x20983,M,2001-07-04,513968301750
729,Gregory Everett,randallpatrick@example.net,001-273-761-3992x50356,O,2005-05-05,822293470764
730,Debra Harrison,anne35@example.org,761.473.9919x4680,M,1996-05-25,773886640211
731,Leah Johnston,sarah16@example.net,965-519-8052x5446,M,1995-10-27,388655631923
732,Veronica Hawkins,simsanna@example.net,4255565340,O,2002-11-15,639863471768
733,Holly Kennedy,christopherbrown@example.com,(451)467-8377,O,2002-11-04,835256556738
734,Rachael Harvey,michaellowery@example.org,(710)736-5664x8971,O,1998-03-10,657981149222
735,Natalie Johns,greenalison@example.net,(379)583-5243x22269,M,2003-11-15,803078773912
736,Dalton Price,gswanson@example.org,+1-475-998-7150,O,1998-11-17,342942434049
737,Cheryl Moon,gfisher@example.org,513-312-5172x91621,O,2000-06-08,752887248195
738,Mrs. Kelsey Avila,samanthabauer@example.com,(650)412-1270,O,2006-05-26,768649275844
739,David Jones,jacksonjoseph@example.org,(261)547-9421x691,M,1995-03-20,988254723865
740,Adrian Weiss,toddbrown@example.net,+1-361-502-4694,F,1998-04-24,337727881009
741,Sarah Johnson,miguelparker@example.org,001-542-975-5244,F,2003-02-07,612787314765
742,Scott Gardner,hleonard@example.org,+1-843-773-4067,M,2000-03-28,946070092261
743,Jamie Jones,gkerr@example.net,888.510.4819x401,M,2000-05-14,667359836107
744,Jessica Waller,derrick82@example.org,001-697-592-4426x79937,O,2002-08-23,123549148675
745,Shannon Miller,zcaldwell@example.net,(356)837-0678x3687,O,2001-12-10,398767408455
746,Susan Carter,xburke@example.com,(698)406-1228,F,1995-07-11,987771353927
747,Michael Coleman Jr.,bwaters@example.net,924.868.0227,F,2002-01-29,680771753977
748,Amanda Allen,tyler08@example.org,001-769-266-1763x0478,F,2003-04-11,530592025479
749,George Butler,pbradley@example.net,(745)576-8531x9364,M,2005-02-18,704491261697
750,Dana Patterson,pmcdaniel@example.net,001-849-323-9190,M,1995-03-09,222810008261
751,Heather Stevens,dustin26@example.org,+1-304-382-5452,O,2002-06-09,119200174648
752,Claudia Warner,grantsteven@example.net,313.743.4921x90342,O,2005-05-07,967181603307
753,Martin Robinson,omason@example.net,561.264.0191x37225,O,1999-08-22,608955589437
754,Michael Anderson,smithsteven@example.org,417.741.6589x93661,M,2003-05-26,455735754548
755,Leslie Simmons,rothelizabeth@example.net,+1-383-515-0713x577,O,2001-04-26,869604072163
756,Mary Morgan,palmertom@example.com,+1-918-625-2701x071,O,2006-10-26,546384019527
757,Billy Boyd,dixoncorey@example.com,+1-391-890-0964x9055,F,1995-03-17,145679103396
758,Debra Pruitt,ivaldez@example.org,(704)449-3231x36894,M,1994-12-22,839012030126
759,Scott Davis,greeremily@example.org,+1-452-480-4090x08149,F,2006-05-05,576834973525
760,Patrick Wilson,jeffreygomez@example.org,(447)811-0902,M,1994-09-12,297539252168
761,Jeffrey Lane,cassie93@example.net,(955)607-4086,M,2001-05-31,393429097508
762,Brenda Anderson,asmith@example.org,(618)347-7480x043,F,1998-06-19,162435839326
763,Dylan Sims,baileyjustin@example.org,+1-652-417-4997x86964,O,1996-09-19,137687797489
764,Michele Ray,fmoore@example.com,200.585.8135,F,2001-11-17,333493447929
765,Alan Byrd,daughertyrenee@example.com,(425)851-5359,M,1996-06-13,304907142938
766,Monique Ferguson,dgarcia@example.net,(401)600-0023x96986,M,2005-01-06,817015206131
767,David Martin,sarahhernandez@example.net,001-613-850-0960x7129,O,2001-10-03,418795157799
768,Johnathan Contreras,pamela57@example.com,(264)284-7615,O,2001-04-28,235155262745
769,Adam Mcfarland,kwarner@example.org,(636)200-9786x96181,O,2000-01-02,297796513531
770,Allison Joyce,bschultz@example.org,572-599-7656x03891,O,2006-11-12,199599217519
771,Allison Murphy,swoods@example.net,704-234-2000,F,2001-08-10,335539900765
772,Alexander Simmons,ashleycunningham@example.net,(907)745-0961,O,1996-11-28,869828567131
773,Laurie Barr,garciahannah@example.com,2695511234,F,2004-01-29,953825925702
774,Michael Houston,mackenzie92@example.org,001-713-231-8865x958,O,2001-04-09,834561861700
775,Manuel Harris,fcallahan@example.net,001-839-277-9525x2335,M,1999-05-12,671635716415
776,Maria Hall,cody95@example.org,+1-506-575-4014x40444,M,1997-09-03,102067330031
777,Scott Martinez,dellis@example.net,001-824-567-3080,F,1994-07-02,885366997773
778,Kristina Lopez,msummers@example.net,001-303-562-5756x896,O,1999-09-11,121677604447
779,Miss Megan Johnson,craigclark@example.org,704.952.3416,F,2002-10-13,715087518118
780,Douglas Stafford,brian15@example.com,2855050676,M,1995-08-13,281326088917
781,Susan Roberts,larajames@example.net,+1-537-750-2684,F,1996-08-22,910707547970
782,Danielle Smith,eric28@example.net,(638)328-8540,F,1995-03-16,425786499327
783,Anthony Vargas,mmorgan@example.net,231.590.6320x730,O,2006-05-17,103338032788
784,Carolyn Dyer,angelamiller@example.net,426-755-9449,F,2004-04-22,402072088126
785,Megan Johnson,ryan12@example.org,(203)585-4513,F,2002-04-14,771420228954
786,Juan Bailey,aarongarcia@example.com,+1-915-986-5322x1726,O,2004-05-15,182334748692
787,Eric Foster DVM,paula17@example.net,(638)837-2340,F,1995-05-01,606409894564
788,Sandra Martin,gibsongina@example.com,543-263-8202x6910,O,2005-05-03,100766154126
789,Lindsey Lopez,sanfordkimberly@example.net,+1-510-737-1858x008,F,2005-02-19,473843046482
790,John Russell,zgreene@example.com,3497648955,O,2002-05-07,707302973789
791,Jennifer Benton,harrislisa@example.net,(705)240-2094x36290,M,2006-10-31,855423239353
792,Miss Danielle Scott,jamestracie@example.net,(326)717-0458x71787,F,1994-11-13,520304592288
793,Phyllis Hopkins,angel54@example.org,9935717889,M,1995-07-26,344553805607
794,Tasha Clark,pporter@example.org,(590)412-7272x778,M,2004-09-30,788821616645
795,Christina Young,nunezrachael@example.com,707-365-3421x14069,O,2001-11-25,220667254110
796,Kathleen Day,melissamayo@example.org,465-817-2938x35663,O,2000-08-28,330441198124
797,Jessica Suarez,peterjones@example.org,598-764-3866x689,F,1999-03-21,511003714163
798,Gabriella Kennedy,stephen66@example.com,001-698-683-7968,F,1997-10-31,593489855522
799,Amanda White,johnsonjason@example.net,(934)511-1660x056,M,2001-03-21,270751183143
800,Christine Horne,brett06@example.com,755.228.0512x56939,F,1996-12-02,200407477936
801,Charles Rasmussen,anne41@example.net,(813)939-3035,F,1995-12-13,387010101058
802,Jacob Wheeler,dyerlori@example.com,761-638-2651x855,M,2002-06-22,265168827084
803,John Rollins,joy52@example.com,813-881-8336x3666,O,2002-11-16,113574476210
804,Allison Gray,kevincook@example.net,474.658.1434x9538,F,2004-09-12,100820187482
805,Ann Benitez,fletchermichael@example.org,415-493-5822,O,2003-07-28,897481051392
806,Mike Jones,aimeeflores@example.org,6339905047,O,1996-07-02,133344151001
807,Timothy Perez,andrewsjessica@example.net,341.651.7839,F,1998-08-17,224877451595
808,Alyssa Barnes,vsmith@example.net,001-963-567-3196x946,O,2001-05-17,950396144529
809,Melanie Morrow,smithtodd@example.net,(354)790-9460x3124,O,1998-04-10,476116592300
810,Denise Simon,jacobsdavid@example.com,001-776-840-2963x110,O,1999-06-17,279758325273
811,Jessica Jimenez,steve84@example.org,001-568-731-1792x6041,F,2000-11-11,141895321872
812,Aaron Campbell,lisareid@example.com,393.968.3326x9281,O,1997-10-05,331164062652
813,Holly Smith,benjamin46@example.com,706.911.0373x887,M,2003-07-14,812160942548
814,Thomas Cardenas,marquezjohn@example.net,510.655.9880x0109,O,1998-05-09,545482354803
815,Lauren Cunningham,jeffrey11@example.net,(455)389-7617x602,M,1996-04-07,681461010392
816,Ashley Fisher,mariawise@example.org,+1-579-994-2144,M,2006-03-05,825839121246
817,Connor Middleton,andrewcarrillo@example.com,2486545449,O,1996-12-12,539597523908
818,Mitchell Ward,kelsey02@example.net,001-869-471-6240x3998,M,1998-05-04,634809748810
819,Rachel Cook,jennifer55@example.org,(480)809-9663x063,F,1998-05-05,872158048689
820,Tasha Miller,younganthony@example.org,668-853-0880x497,F,2005-05-11,641494067818
821,Jean Hernandez,brandon28@example.org,001-329-455-0253x8030,M,1997-05-02,657428779554
822,Robert Davis,davidpeterson@example.com,998-851-3454,F,1995-07-22,956528673252
823,Maria Hawkins,simmonslaurie@example.org,001-709-381-1742x139,O,2004-06-27,597871674207
824,Brittany Cantrell,rking@example.com,549-919-8367x5172,M,2000-03-30,177291058701
825,Casey Manning,alvarezronald@example.org,809-458-2639x3688,M,2003-12-09,478463882290
826,Jared Williams,dmartin@example.com,+1-309-784-6842x27951,O,1998-09-27,391844856040
827,Robert Smith,johnboyd@example.org,960.940.5945x1533,O,2005-03-03,849397228417
828,Misty Hartman MD,igallegos@example.org,001-715-737-9595,F,2002-04-19,237205638134
829,Shane Fuentes,brandon88@example.com,001-853-852-2878x6113,M,1996-12-28,580247172218
830,Tonya Owens,wolfecollin@example.com,689.824.7467x80306,M,2002-11-26,238850706165
831,Carolyn Martinez,austin92@example.org,001-749-304-8590x64693,O,1998-03-20,754748222855
832,Melissa Roy,myerswanda@example.com,274.431.2123x860,F,2004-04-20,258731803220
833,Michael Scott,amber34@example.net,652.527.2862x56517,F,2006-07-03,947039633764
834,Kimberly Miller,casey41@example.org,(861)996-8205x148,O,2002-03-08,327591055017
835,Nathan Colon,kingpatricia@example.net,216-640-7132x447,O,1999-08-28,391225309373
836,Lindsey Pineda,scottwood@example.org,261.689.3002x030,M,2001-07-07,338096970301
837,Denise Eaton,ariel37@example.org,(703)770-0800,O,1999-12-18,811654020186
838,Crystal Robinson,jessica49@example.com,485-239-0709x63626,O,2002-04-01,398520669255
839,Juan Russell,olivia45@example.org,495-798-2825,M,2001-01-15,150511463917
840,Kevin Smith,rgarcia@example.org,(678)775-6628x6906,F,2005-05-19,580990252652
841,Danielle Collins,mary51@example.net,+1-253-689-0669,F,2003-06-03,624735488607
842,Andrea King,cgray@example.net,+1-308-960-5381,F,2002-12-26,819533730101
843,Melissa Holland,sballard@example.net,001-711-418-3791,F,1994-12-23,858385979209
844,Chris Russell,alvinknox@example.org,+1-806-557-9818x299,F,2006-06-05,758908390373
845,John Moore,joseph11@example.net,391-812-3808x94633,F,1996-02-05,916382451993
846,Donald Maldonado,jnelson@example.net,(382)737-3093,M,1995-08-06,218554055079
847,Benjamin Morgan,vrichardson@example.net,9286663516,M,1999-02-27,818711893395
848,Melissa Mendez,ldavis@example.com,(708)821-8101,O,2004-04-25,501048989583
849,Sandra Kelly,diane20@example.net,598-756-5803x92154,F,1997-05-05,158487422250
850,Debbie Walls,karen02@example.org,400.651.1386x2528,M,2002-11-27,396424330439
851,Stacy Young,wesleynorman@example.com,254-230-8614,M,1998-12-11,919171966118
852,Bryan Garrett,deanna36@example.com,(453)354-9057x57082,O,1996-02-15,755253821031
853,Stephanie Morrow,larryrocha@example.net,001-929-848-3274x863,F,2002-12-19,796490409434
854,Sarah Morgan,elizabeth07@example.org,988-210-6084,O,2005-10-13,880435379502
855,Caleb Callahan,andrewsshawn@example.com,+1-648-971-3760,F,2001-07-03,167490133713
856,Regina Washington,cramirez@example.com,+1-546-317-2180x446,O,2005-07-22,352150051907
857,Craig Adams,hallmatthew@example.com,2528994324,M,2003-03-03,898351659654
858,Julie Mclaughlin,terriwilliams@example.com,001-447-280-6234x66499,F,2001-01-16,439902204633
859,Maureen Carlson,janetruiz@example.net,366-847-7658,M,2004-10-15,981083475090
860,Donald Shepherd,ygutierrez@example.com,001-341-567-4854x470,F,2005-03-19,531431758610
861,John Day,jeffrey38@example.com,757.228.3518,F,1997-01-07,933868228393
862,Gary Elliott,faithstrong@example.net,853-724-9865x3390,M,2005-10-05,634878191975
863,Alyssa Patel,laura47@example.net,726.450.8545x152,M,2005-04-15,733243441098
864,Jake Thompson,tcoleman@example.net,6414422859,M,2005-06-11,512145357913
865,Tammy Hunter,sandersbrandi@example.org,(944)778-0961x0878,O,1994-09-06,971716198164
866,Richard Johnson,cabreramark@example.org,415.611.7879x88301,F,2001-11-22,686305818270
867,Jeffrey Brown,amanda98@example.com,346-874-6746x824,F,2005-07-23,967440528567
868,Anthony Roach,patriciagibson@example.org,902.233.9138,O,1999-05-22,683800835743
869,Mary Griffin,robert46@example.org,(565)689-1853x84167,F,2005-05-12,762850357790
870,Marcus Walker,sonya35@example.net,773-675-2529x3439,O,2005-06-23,535499356537
871,Kelsey Valencia,michael45@example.com,883.710.1288,O,2006-08-07,575794738318
872,Tamara Anderson,wburns@example.com,(447)805-6448x393,F,2004-12-18,350062226715
873,Nicole Fleming,dpreston@example.org,245.904.7686,O,2002-03-19,902504765162
874,Kathryn Ross,samanthajames@example.org,+1-259-266-1057x293,O,1998-05-29,374335416094
875,Pam Nichols,bthompson@example.net,9582106689,O,1996-07-15,330898220938
876,Sandra Pruitt,jennifermyers@example.com,(481)587-8187x0239,O,1996-09-15,127059492854
877,Jaime Stuart,jwarren@example.org,+1-239-897-5043x610,M,2005-08-01,328400949172
878,Tammy Reed,johntorres@example.org,001-978-346-9357,M,1999-11-18,550058749300
879,John Vega,burkescott@example.net,001-344-784-7139x423,F,1995-07-30,726781991158
880,Laura Garner,timothycarson@example.net,3229518228,F,2006-07-12,847995841134
881,Eileen Gardner,jenkinsrobert@example.org,+1-925-622-3512,M,2005-03-21,522431238967
882,Damon Thomas,reillyemily@example.org,749.257.9576,F,1997-01-18,700058279905
883,Jordan Le,ashleyrowe@example.net,001-990-864-3856x07268,O,1999-02-10,108266755881
884,Adrian Wells,katelyn96@example.org,001-544-371-1147x94309,M,1998-11-20,515354853804
885,Gloria Johnson,adam14@example.org,902.848.8426,F,1996-01-13,769925807526
886,Christine Jackson,blackchad@example.org,+1-711-613-3244,O,2002-03-05,820029590565
887,Gregory Miles,susan47@example.net,(378)328-5375x6209,M,2003-05-14,530995112450
888,Roy Clark,heatherkelley@example.org,001-410-840-1344,F,2003-02-09,855065309597
889,Gina Day DVM,judithgentry@example.org,425.597.0334x35166,F,1995-03-26,285726242167
890,Sara Holden,cheryl35@example.org,001-983-673-1123x8955,F,1995-08-16,833854804709
891,Bradley Norton,bethanysaunders@example.com,686.423.4316x9474,M,2003-11-29,838923110927
892,Julie Morgan,florescody@example.net,220.362.9506,F,2000-08-08,592859646566
893,Kelly Sanchez,coxcharles@example.org,482.645.2272x848,F,2005-03-16,586997777513
894,Erik Hernandez,ghartman@example.net,856.508.3983,O,1995-10-13,611187256419
895,Erin Medina,conniebowman@example.org,7403686869,M,1999-01-07,476764204401
896,Adam Taylor,hannahgreen@example.org,001-703-429-8745x8446,M,1999-10-26,207767388387
897,Amy Winters,raykristen@example.com,436-978-1092x6926,F,1996-07-11,453846953592
898,Amanda Scott,krivers@example.net,(543)520-5964x38367,O,2001-02-23,384514293406
899,Elizabeth Pitts,theresa06@example.net,997-486-9399x951,O,1994-08-11,770271835480
900,Cathy Nichols,lambertkevin@example.net,418-873-1292,M,2000-05-02,884672456750
901,Amber Freeman,williamsangela@example.net,3604655781,O,2003-09-22,627744648010
902,Jeremy Rodriguez,davidsonjennifer@example.org,+1-406-288-1302,F,2004-11-08,957004552398
903,Rachel Alvarado,pcole@example.com,4615888358,O,1995-05-05,801006876050
904,Matthew Stevenson,toddstewart@example.com,853-813-7516,O,1996-09-04,970781167947
905,Ryan Leach,daughertysabrina@example.org,514-618-4904x8755,F,1998-10-14,346169532195
906,Mark Calderon,savagerhonda@example.com,(924)767-0786,M,2000-02-02,189466456746
907,Ashley Sanchez,jessicadavis@example.net,001-516-302-8719x1044,M,1994-06-16,911914967238
908,Christopher Mercer,zvasquez@example.org,592.426.0965,F,2004-05-07,331150462650
909,John Martinez,evelyn22@example.org,+1-340-281-9470x02309,M,1998-03-11,216029232604
910,Daniel Gilbert,clarkdale@example.com,581-759-5056,M,2001-11-21,817712761535
911,Michael Jones,bridget67@example.net,001-810-301-6843x2652,M,2004-03-02,824631233446
912,Craig Thompson,mcdanieljohn@example.net,001-855-794-4631,M,1995-09-07,155081900809
913,Mark Scott MD,michael10@example.net,471.236.2195x1084,F,2003-10-05,288510803611
914,Jonathan Collins MD,harrisonchad@example.org,(635)954-2283x85762,O,1997-01-01,722463396554
915,Scott Chavez,barbaraowens@example.net,225.215.0849x143,O,2006-07-09,334308713403
916,Catherine Travis,vmorgan@example.net,+1-342-801-2329x6525,M,2005-06-29,289037083586
917,Sarah Jensen,wilsonsamantha@example.net,687-500-0087,O,2006-09-03,225856850380
918,Audrey Guerrero,danielscheryl@example.org,(974)250-8466,M,1999-03-13,196490395349
919,Michael Potter,penny04@example.org,758.730.8189x28580,F,1999-04-26,146887650451
920,Daniel Moore,davidmoon@example.org,718-622-6706x4201,F,1995-01-14,279513586726
921,Sarah Wise,oburton@example.org,621.484.8890x0751,M,1999-01-11,761214925409
922,Mark Mullen,monica51@example.com,5884440885,M,1998-10-27,785682734451
923,Eric Ryan,sharon24@example.net,(309)382-3018,M,2005-01-24,821457382398
924,Samuel Dixon,randall14@example.com,9894556881,M,1998-11-11,132917200903
925,Matthew Long,john91@example.com,(773)308-8602,F,2004-10-04,678350199949
926,Daryl Tyler,dennislove@example.com,748.254.6187,F,1997-09-16,375890962453
927,Zachary Harmon,marvinaguirre@example.net,876.446.0871x18621,M,2002-02-21,286592001371
928,Hannah Buchanan,nicholas62@example.net,532.353.0714,M,2001-04-06,804689791862
929,Tanner Davis,xbolton@example.net,+1-478-858-5930x4985,O,2002-07-09,624731191711
930,Elizabeth Heath,ycarr@example.net,+1-281-603-8356x83002,F,2000-08-18,765449598199
931,Jessica Carter,bgarrett@example.net,4469849171,F,2002-04-09,878971081083
932,Mr. William Marshall,feliciaroberson@example.com,(764)823-5081x785,M,2005-07-03,286202550927
933,Rebecca Ramirez,xmiller@example.com,723-221-4882,O,1999-06-26,434472699602
934,Denise Callahan,jorge45@example.net,227-857-7767x85190,F,2006-01-18,728013284292
935,John Smith,wallacejoshua@example.com,4549646914,O,1996-07-05,716579122450
936,Teresa Zuniga,holly18@example.net,+1-647-252-5273x947,O,2005-03-20,871990886326
937,Phillip Valentine,jrobinson@example.com,628.882.7412x4559,O,2000-03-31,194980147126
938,Wendy Flores,ileblanc@example.org,(359)498-6573,F,1999-08-19,447805146666
939,Dr. Jonathan Mcdaniel Jr.,andrewpalmer@example.net,(478)299-8722x93127,F,2001-04-19,489560680116
940,Lori Bell,wwillis@example.net,901.609.8060x3521,O,2002-12-17,889240330369
941,Noah Zimmerman,davidmorgan@example.org,(945)474-8415,M,2002-11-09,790987047308
942,Robert Miles,joshua46@example.net,001-988-832-5356,F,2006-01-25,304003404533
943,Emily Morales,ybaker@example.com,970.233.1957,O,2003-05-19,651073287486
944,Jennifer Mccarthy,perezsamuel@example.net,001-239-861-2960x002,M,1994-12-16,816543402083
945,Robert Mack,sandra54@example.com,569.685.4649x97192,M,1994-06-29,669415800553
946,Mackenzie Hernandez,santospeter@example.net,001-772-705-7539x8919,F,1997-08-14,113955542942
947,Vanessa Campbell,joneskimberly@example.net,+1-585-981-2347,F,2000-10-22,307387655028
948,Rick Johnson,pcox@example.com,001-578-436-3896x51077,M,1997-10-30,823446615554
949,Renee Meyer,jennifersloan@example.com,420.434.9272x45246,M,2004-04-11,212271458531
950,Kevin Jones,kwillis@example.com,+1-916-862-4185x9939,M,1996-02-07,536700381297
951,Christopher Higgins,kennethwoods@example.org,965-827-1238,F,1999-01-26,634789027214
952,Robert Brooks,yjones@example.net,845-795-5969x445,O,2005-10-21,106879372513
953,Brandi Barnett,davidbrown@example.org,001-576-521-4500x55834,F,2001-04-07,659502570749
954,Heather Young,andersonjoy@example.org,001-681-408-9941x791,F,2003-10-01,117171182158
955,Mrs. Elizabeth Johnson,charlesrosales@example.org,+1-825-494-5135x7662,O,2005-12-21,836527871543
956,Richard Hoffman,matthewcrawford@example.net,642-822-7837,O,2003-10-20,453182616833
957,Catherine Barrett,vjackson@example.com,+1-444-228-4631x60012,M,2003-08-31,541559592091
958,Adam Henry,kimberlytrujillo@example.net,+1-836-270-6223x1988,F,1998-01-02,983098614993
959,Jamie Mcclure,bjimenez@example.net,947.761.7507x786,O,1997-03-20,287030340543
960,Jocelyn Scott,stephengilmore@example.org,(521)774-6313,M,1999-06-23,948364060349
961,Joel Dawson,michael49@example.net,(368)467-2025,O,1996-04-08,685332628352
962,Jonathan Moore,jessicamartinez@example.com,8685705210,O,1997-01-15,705310772464
963,Robert Mendoza,josephberry@example.org,227.241.0263x919,M,1997-07-20,843690899191
964,Thomas Hoffman,palmercharlotte@example.net,2298399403,F,1997-12-14,667075812707
965,Aaron Petty,jon46@example.net,901.868.9374x595,F,2004-02-14,623453250107
966,Nancy Perry,tvaughn@example.net,940.486.6152,M,2001-08-06,894408968473
967,Rhonda Nelson,allison53@example.org,665.689.0333,O,1995-07-11,760432041561
968,Diane Taylor,tracybradley@example.com,(251)705-3733x84546,O,2003-03-05,601671630964
969,James Cox,michellemendoza@example.net,293-344-5844x665,O,2002-06-17,999360430453
970,Jennifer Marsh,markperez@example.com,(546)399-5244x6499,O,2000-06-06,414773697897
971,Toni Walsh,daviskim@example.com,373-581-0985x27066,O,2004-10-10,286498093730
972,Stephanie Brown,wpugh@example.net,001-205-723-5028,F,2001-10-16,864540964444
973,James Martin,adamwest@example.com,385-375-4481,M,2000-07-18,432254686038
974,Jill Guzman,samanthataylor@example.com,610-242-9481x660,O,2005-10-05,614213108874
975,Brandon Rich,rhutchinson@example.net,+1-567-664-4007x27422,O,1999-12-15,656410345190
976,Adam Moran,kristin66@example.org,+1-273-556-9625x6814,M,1997-08-23,105251106368
977,Bruce Pineda,paul29@example.net,+1-317-429-1365x9890,O,2003-12-29,790162140188
978,Mrs. Sandra Moyer,allison04@example.com,001-240-296-5729,O,2006-08-27,210111131026
979,Jason Huang,robinsonjamie@example.com,4794559460,O,2003-01-07,424992083142
980,Tonya Olson,brandonburke@example.org,475.603.6890,O,1995-01-24,526577536921
981,Michael Lopez,browndawn@example.com,466.585.1188,M,2001-01-30,712375582497
982,Matthew Luna,jeffrey92@example.org,627.913.4607,O,2006-07-11,766606914294
983,Margaret Wyatt,kristinwebb@example.com,376.323.1837,O,2001-10-23,548586153486
984,Jason Richardson,wardtara@example.com,294-869-7581x6038,O,2003-03-27,589805460709
985,Sarah Palmer,jonescarol@example.com,+1-964-509-0410x1555,M,2004-07-17,763702380204
986,Deanna Watson,castillotravis@example.net,001-723-828-2965x77830,M,2003-03-10,464719339255
987,Elizabeth Brown,courtney91@example.org,+1-542-794-9010,O,2000-04-22,860033328490
988,Alicia Booth,walkertammy@example.org,(378)778-7197x00393,M,2005-03-12,950181317228
989,Christopher Cummings,nbrown@example.com,951-517-2356x902,O,2000-01-26,316783850689
990,Michael Drake,wolfekelly@example.org,001-278-548-2038,M,1996-04-25,187260077417
991,David Arnold,walkerjennifer@example.net,411.796.3847x9919,M,1995-10-03,294225650382
992,Jerry Hayes,gallagherbrenda@example.net,(467)984-3130,O,2000-04-24,325803373744
993,Raymond Lambert,kristi35@example.org,001-581-617-9054x579,O,2003-10-19,143154523748
994,Heather Schmidt,carljohnson@example.com,001-243-507-9454x409,M,1999-05-07,527696365747
995,Caitlin Dunn,bullockamanda@example.net,451-550-6590,M,2005-10-06,254313790627
996,Amber Brown,hwilliams@example.com,336-982-5175x0683,F,2001-09-23,617123671302
997,Mr. Derrick Anderson MD,bentondarius@example.net,349.644.4616x496,M,1997-11-15,932486619578
998,Tyler Walker,vcurtis@example.org,795-924-9597x7440,F,2005-12-28,521076533647
999,Jeffrey Doyle,vcarter@example.org,+1-598-263-1593x0927,F,2003-06-14,286173373097
1000,Lisa George,crossrobert@example.net,(655)412-6566,F,1998-04-08,998687555008
